"year","date","industry","region_kr","region_en","avg_index","index_share_pct"
"2018","2018-01-01","총지수","전국","Nationwide",96.91,100
"2018","2018-01-01","총지수","기타","Others",97.6,16.83
"2018","2018-01-01","총지수","대전","Daejeon",93.89,16.19
"2018","2018-01-01","총지수","수도권","Capital Area",104.74,18.06
"2018","2018-01-01","총지수","영남권","Yeongnam",100.07,17.25
"2018","2018-01-01","총지수","충청권","Chungcheong",89.63,15.45
"2018","2018-01-01","총지수","호남권","Honam",94.08,16.22
"2018","2018-02-01","총지수","전국","Nationwide",98.02,100.01
"2018","2018-02-01","총지수","기타","Others",97.37,16.6
"2018","2018-02-01","총지수","대전","Daejeon",94.54,16.12
"2018","2018-02-01","총지수","수도권","Capital Area",105.47,17.98
"2018","2018-02-01","총지수","영남권","Yeongnam",102.78,17.52
"2018","2018-02-01","총지수","충청권","Chungcheong",91.02,15.52
"2018","2018-02-01","총지수","호남권","Honam",95.44,16.27
"2018","2018-03-01","총지수","전국","Nationwide",95.86,100
"2018","2018-03-01","총지수","기타","Others",96.61,16.82
"2018","2018-03-01","총지수","대전","Daejeon",90.79,15.81
"2018","2018-03-01","총지수","수도권","Capital Area",101.21,17.62
"2018","2018-03-01","총지수","영남권","Yeongnam",99.21,17.28
"2018","2018-03-01","총지수","충청권","Chungcheong",92.02,16.02
"2018","2018-03-01","총지수","호남권","Honam",94.45,16.45
"2018","2018-04-01","총지수","전국","Nationwide",96.26,100.01
"2018","2018-04-01","총지수","기타","Others",96.82,16.8
"2018","2018-04-01","총지수","대전","Daejeon",88.52,15.36
"2018","2018-04-01","총지수","수도권","Capital Area",101.07,17.54
"2018","2018-04-01","총지수","영남권","Yeongnam",100.5,17.44
"2018","2018-04-01","총지수","충청권","Chungcheong",92.54,16.06
"2018","2018-04-01","총지수","호남권","Honam",96.89,16.81
"2018","2018-05-01","총지수","전국","Nationwide",98.02,100
"2018","2018-05-01","총지수","기타","Others",97.37,16.6
"2018","2018-05-01","총지수","대전","Daejeon",89.89,15.32
"2018","2018-05-01","총지수","수도권","Capital Area",101.58,17.32
"2018","2018-05-01","총지수","영남권","Yeongnam",105.14,17.92
"2018","2018-05-01","총지수","충청권","Chungcheong",94.18,16.05
"2018","2018-05-01","총지수","호남권","Honam",98.47,16.79
"2018","2018-06-01","총지수","전국","Nationwide",96.17,100
"2018","2018-06-01","총지수","기타","Others",97.69,17
"2018","2018-06-01","총지수","대전","Daejeon",83.68,14.56
"2018","2018-06-01","총지수","수도권","Capital Area",100.27,17.45
"2018","2018-06-01","총지수","영남권","Yeongnam",102.67,17.86
"2018","2018-06-01","총지수","충청권","Chungcheong",93.81,16.32
"2018","2018-06-01","총지수","호남권","Honam",96.59,16.81
"2018","2018-07-01","총지수","전국","Nationwide",96.63,100
"2018","2018-07-01","총지수","기타","Others",99.22,17.17
"2018","2018-07-01","총지수","대전","Daejeon",86.14,14.91
"2018","2018-07-01","총지수","수도권","Capital Area",102.57,17.75
"2018","2018-07-01","총지수","영남권","Yeongnam",101.39,17.55
"2018","2018-07-01","총지수","충청권","Chungcheong",92.51,16.01
"2018","2018-07-01","총지수","호남권","Honam",95.99,16.61
"2018","2018-08-01","총지수","전국","Nationwide",97.48,100
"2018","2018-08-01","총지수","기타","Others",100.21,17.2
"2018","2018-08-01","총지수","대전","Daejeon",86.24,14.8
"2018","2018-08-01","총지수","수도권","Capital Area",102.23,17.54
"2018","2018-08-01","총지수","영남권","Yeongnam",103.77,17.81
"2018","2018-08-01","총지수","충청권","Chungcheong",94.11,16.15
"2018","2018-08-01","총지수","호남권","Honam",96.17,16.5
"2018","2018-09-01","총지수","전국","Nationwide",96.61,99.99
"2018","2018-09-01","총지수","기타","Others",97.79,16.91
"2018","2018-09-01","총지수","대전","Daejeon",88.45,15.3
"2018","2018-09-01","총지수","수도권","Capital Area",101.08,17.48
"2018","2018-09-01","총지수","영남권","Yeongnam",102.57,17.74
"2018","2018-09-01","총지수","충청권","Chungcheong",91.9,15.9
"2018","2018-09-01","총지수","호남권","Honam",96.34,16.66
"2018","2018-10-01","총지수","전국","Nationwide",97.64,100.01
"2018","2018-10-01","총지수","기타","Others",98.14,16.8
"2018","2018-10-01","총지수","대전","Daejeon",88.36,15.12
"2018","2018-10-01","총지수","수도권","Capital Area",103.08,17.64
"2018","2018-10-01","총지수","영남권","Yeongnam",102.74,17.58
"2018","2018-10-01","총지수","충청권","Chungcheong",95.16,16.29
"2018","2018-10-01","총지수","호남권","Honam",96.86,16.58
"2018","2018-11-01","총지수","전국","Nationwide",97.08,100
"2018","2018-11-01","총지수","기타","Others",94.67,16.3
"2018","2018-11-01","총지수","대전","Daejeon",88.83,15.29
"2018","2018-11-01","총지수","수도권","Capital Area",103.86,17.88
"2018","2018-11-01","총지수","영남권","Yeongnam",103.01,17.73
"2018","2018-11-01","총지수","충청권","Chungcheong",94.65,16.3
"2018","2018-11-01","총지수","호남권","Honam",95.81,16.5
"2018","2018-12-01","총지수","전국","Nationwide",97.49,99.99
"2018","2018-12-01","총지수","기타","Others",98.01,16.8
"2018","2018-12-01","총지수","대전","Daejeon",88.75,15.21
"2018","2018-12-01","총지수","수도권","Capital Area",104.57,17.92
"2018","2018-12-01","총지수","영남권","Yeongnam",100.71,17.26
"2018","2018-12-01","총지수","충청권","Chungcheong",96.24,16.49
"2018","2018-12-01","총지수","호남권","Honam",95.17,16.31
"2019","2019-01-01","총지수","전국","Nationwide",98.81,100
"2019","2019-01-01","총지수","기타","Others",102.76,17.39
"2019","2019-01-01","총지수","대전","Daejeon",88.62,15
"2019","2019-01-01","총지수","수도권","Capital Area",104.59,17.7
"2019","2019-01-01","총지수","영남권","Yeongnam",103.49,17.51
"2019","2019-01-01","총지수","충청권","Chungcheong",95.35,16.14
"2019","2019-01-01","총지수","호남권","Honam",96.07,16.26
"2019","2019-02-01","총지수","전국","Nationwide",96.96,100.01
"2019","2019-02-01","총지수","기타","Others",99.53,17.15
"2019","2019-02-01","총지수","대전","Daejeon",90.13,15.53
"2019","2019-02-01","총지수","수도권","Capital Area",103.59,17.85
"2019","2019-02-01","총지수","영남권","Yeongnam",100.44,17.31
"2019","2019-02-01","총지수","충청권","Chungcheong",93.3,16.08
"2019","2019-02-01","총지수","호남권","Honam",93.35,16.09
"2019","2019-03-01","총지수","전국","Nationwide",99.35,99.99
"2019","2019-03-01","총지수","기타","Others",97.86,16.43
"2019","2019-03-01","총지수","대전","Daejeon",102.53,17.22
"2019","2019-03-01","총지수","수도권","Capital Area",102.51,17.21
"2019","2019-03-01","총지수","영남권","Yeongnam",101.77,17.09
"2019","2019-03-01","총지수","충청권","Chungcheong",95.41,16.02
"2019","2019-03-01","총지수","호남권","Honam",95.42,16.02
"2019","2019-04-01","총지수","전국","Nationwide",101.93,100
"2019","2019-04-01","총지수","기타","Others",99.34,16.26
"2019","2019-04-01","총지수","대전","Daejeon",107.66,17.62
"2019","2019-04-01","총지수","수도권","Capital Area",102.73,16.81
"2019","2019-04-01","총지수","영남권","Yeongnam",103.85,17
"2019","2019-04-01","총지수","충청권","Chungcheong",97.97,16.04
"2019","2019-04-01","총지수","호남권","Honam",99.4,16.27
"2019","2019-05-01","총지수","전국","Nationwide",100.86,100
"2019","2019-05-01","총지수","기타","Others",99.49,16.45
"2019","2019-05-01","총지수","대전","Daejeon",102.35,16.93
"2019","2019-05-01","총지수","수도권","Capital Area",103.69,17.15
"2019","2019-05-01","총지수","영남권","Yeongnam",104.34,17.26
"2019","2019-05-01","총지수","충청권","Chungcheong",98.22,16.24
"2019","2019-05-01","총지수","호남권","Honam",96.59,15.97
"2019","2019-06-01","총지수","전국","Nationwide",99.13,100
"2019","2019-06-01","총지수","기타","Others",98.91,16.64
"2019","2019-06-01","총지수","대전","Daejeon",95.98,16.15
"2019","2019-06-01","총지수","수도권","Capital Area",102.15,17.19
"2019","2019-06-01","총지수","영남권","Yeongnam",103.38,17.39
"2019","2019-06-01","총지수","충청권","Chungcheong",97.57,16.42
"2019","2019-06-01","총지수","호남권","Honam",96.33,16.21
"2019","2019-07-01","총지수","전국","Nationwide",101.87,100
"2019","2019-07-01","총지수","기타","Others",101.34,16.59
"2019","2019-07-01","총지수","대전","Daejeon",102.72,16.81
"2019","2019-07-01","총지수","수도권","Capital Area",103.27,16.9
"2019","2019-07-01","총지수","영남권","Yeongnam",104.89,17.17
"2019","2019-07-01","총지수","충청권","Chungcheong",100.08,16.38
"2019","2019-07-01","총지수","호남권","Honam",98.64,16.15
"2019","2019-08-01","총지수","전국","Nationwide",99.96,100
"2019","2019-08-01","총지수","기타","Others",100.59,16.78
"2019","2019-08-01","총지수","대전","Daejeon",100.11,16.7
"2019","2019-08-01","총지수","수도권","Capital Area",100.74,16.81
"2019","2019-08-01","총지수","영남권","Yeongnam",103.53,17.27
"2019","2019-08-01","총지수","충청권","Chungcheong",98.11,16.37
"2019","2019-08-01","총지수","호남권","Honam",96.35,16.07
"2019","2019-09-01","총지수","전국","Nationwide",101.98,100
"2019","2019-09-01","총지수","기타","Others",101.6,16.61
"2019","2019-09-01","총지수","대전","Daejeon",106.15,17.36
"2019","2019-09-01","총지수","수도권","Capital Area",101.74,16.64
"2019","2019-09-01","총지수","영남권","Yeongnam",103.49,16.92
"2019","2019-09-01","총지수","충청권","Chungcheong",99.83,16.33
"2019","2019-09-01","총지수","호남권","Honam",98.7,16.14
"2019","2019-10-01","총지수","전국","Nationwide",102.92,99.98
"2019","2019-10-01","총지수","기타","Others",103.27,16.75
"2019","2019-10-01","총지수","대전","Daejeon",111,18
"2019","2019-10-01","총지수","수도권","Capital Area",101.01,16.38
"2019","2019-10-01","총지수","영남권","Yeongnam",103.27,16.75
"2019","2019-10-01","총지수","충청권","Chungcheong",100.46,16.29
"2019","2019-10-01","총지수","호남권","Honam",97.5,15.81
"2019","2019-11-01","총지수","전국","Nationwide",100.66,100
"2019","2019-11-01","총지수","기타","Others",102.36,16.95
"2019","2019-11-01","총지수","대전","Daejeon",99.65,16.51
"2019","2019-11-01","총지수","수도권","Capital Area",103.06,17.07
"2019","2019-11-01","총지수","영남권","Yeongnam",101.93,16.88
"2019","2019-11-01","총지수","충청권","Chungcheong",99.2,16.43
"2019","2019-11-01","총지수","호남권","Honam",97.55,16.16
"2019","2019-12-01","총지수","전국","Nationwide",100.72,99.98
"2019","2019-12-01","총지수","기타","Others",101.29,16.77
"2019","2019-12-01","총지수","대전","Daejeon",97.67,16.17
"2019","2019-12-01","총지수","수도권","Capital Area",104.6,17.32
"2019","2019-12-01","총지수","영남권","Yeongnam",102.86,17.03
"2019","2019-12-01","총지수","충청권","Chungcheong",100.51,16.64
"2019","2019-12-01","총지수","호남권","Honam",96.94,16.05
"2020","2020-01-01","총지수","전국","Nationwide",101.52,100.01
"2020","2020-01-01","총지수","기타","Others",97.77,16.06
"2020","2020-01-01","총지수","대전","Daejeon",104.03,17.09
"2020","2020-01-01","총지수","수도권","Capital Area",103.82,17.06
"2020","2020-01-01","총지수","영남권","Yeongnam",103.39,16.99
"2020","2020-01-01","총지수","충청권","Chungcheong",97.89,16.08
"2020","2020-01-01","총지수","호남권","Honam",101.81,16.73
"2020","2020-02-01","총지수","전국","Nationwide",97.44,100
"2020","2020-02-01","총지수","기타","Others",98.87,16.92
"2020","2020-02-01","총지수","대전","Daejeon",93.7,16.03
"2020","2020-02-01","총지수","수도권","Capital Area",98.11,16.79
"2020","2020-02-01","총지수","영남권","Yeongnam",98.73,16.89
"2020","2020-02-01","총지수","충청권","Chungcheong",96.7,16.55
"2020","2020-02-01","총지수","호남권","Honam",98.32,16.82
"2020","2020-03-01","총지수","전국","Nationwide",100.25,99.99
"2020","2020-03-01","총지수","기타","Others",99.6,16.56
"2020","2020-03-01","총지수","대전","Daejeon",97.83,16.27
"2020","2020-03-01","총지수","수도권","Capital Area",99.91,16.61
"2020","2020-03-01","총지수","영남권","Yeongnam",103.14,17.15
"2020","2020-03-01","총지수","충청권","Chungcheong",99.18,16.49
"2020","2020-03-01","총지수","호남권","Honam",101.68,16.91
"2020","2020-04-01","총지수","전국","Nationwide",98.96,100
"2020","2020-04-01","총지수","기타","Others",99.74,16.8
"2020","2020-04-01","총지수","대전","Daejeon",97.17,16.37
"2020","2020-04-01","총지수","수도권","Capital Area",99.2,16.71
"2020","2020-04-01","총지수","영남권","Yeongnam",100.36,16.9
"2020","2020-04-01","총지수","충청권","Chungcheong",98.53,16.6
"2020","2020-04-01","총지수","호남권","Honam",98.7,16.62
"2020","2020-05-01","총지수","전국","Nationwide",92.83,99.99
"2020","2020-05-01","총지수","기타","Others",92.18,16.55
"2020","2020-05-01","총지수","대전","Daejeon",90.77,16.3
"2020","2020-05-01","총지수","수도권","Capital Area",95.43,17.14
"2020","2020-05-01","총지수","영남권","Yeongnam",92.33,16.58
"2020","2020-05-01","총지수","충청권","Chungcheong",93.68,16.82
"2020","2020-05-01","총지수","호남권","Honam",92.44,16.6
"2020","2020-06-01","총지수","전국","Nationwide",97.77,100
"2020","2020-06-01","총지수","기타","Others",97.84,16.68
"2020","2020-06-01","총지수","대전","Daejeon",100.17,17.08
"2020","2020-06-01","총지수","수도권","Capital Area",98.36,16.77
"2020","2020-06-01","총지수","영남권","Yeongnam",97.19,16.57
"2020","2020-06-01","총지수","충청권","Chungcheong",96.79,16.5
"2020","2020-06-01","총지수","호남권","Honam",96.17,16.4
"2020","2020-07-01","총지수","전국","Nationwide",100.06,100
"2020","2020-07-01","총지수","기타","Others",99.96,16.65
"2020","2020-07-01","총지수","대전","Daejeon",101.33,16.88
"2020","2020-07-01","총지수","수도권","Capital Area",98.64,16.43
"2020","2020-07-01","총지수","영남권","Yeongnam",100.6,16.76
"2020","2020-07-01","총지수","충청권","Chungcheong",98.8,16.46
"2020","2020-07-01","총지수","호남권","Honam",100.94,16.82
"2020","2020-08-01","총지수","전국","Nationwide",101.19,100
"2020","2020-08-01","총지수","기타","Others",103.12,16.99
"2020","2020-08-01","총지수","대전","Daejeon",102.47,16.88
"2020","2020-08-01","총지수","수도권","Capital Area",101.04,16.64
"2020","2020-08-01","총지수","영남권","Yeongnam",98.63,16.25
"2020","2020-08-01","총지수","충청권","Chungcheong",100.9,16.62
"2020","2020-08-01","총지수","호남권","Honam",100.87,16.62
"2020","2020-09-01","총지수","전국","Nationwide",101.94,99.99
"2020","2020-09-01","총지수","기타","Others",102.29,16.72
"2020","2020-09-01","총지수","대전","Daejeon",101.23,16.55
"2020","2020-09-01","총지수","수도권","Capital Area",102.2,16.71
"2020","2020-09-01","총지수","영남권","Yeongnam",100.21,16.38
"2020","2020-09-01","총지수","충청권","Chungcheong",102.56,16.77
"2020","2020-09-01","총지수","호남권","Honam",103.12,16.86
"2020","2020-10-01","총지수","전국","Nationwide",103.19,100
"2020","2020-10-01","총지수","기타","Others",102.48,16.56
"2020","2020-10-01","총지수","대전","Daejeon",105.1,16.98
"2020","2020-10-01","총지수","수도권","Capital Area",100.76,16.28
"2020","2020-10-01","총지수","영남권","Yeongnam",100.81,16.29
"2020","2020-10-01","총지수","충청권","Chungcheong",104.16,16.83
"2020","2020-10-01","총지수","호남권","Honam",105.59,17.06
"2020","2020-11-01","총지수","전국","Nationwide",102.79,100.01
"2020","2020-11-01","총지수","기타","Others",103.37,16.77
"2020","2020-11-01","총지수","대전","Daejeon",104.53,16.95
"2020","2020-11-01","총지수","수도권","Capital Area",100.33,16.27
"2020","2020-11-01","총지수","영남권","Yeongnam",101.52,16.47
"2020","2020-11-01","총지수","충청권","Chungcheong",105.28,17.08
"2020","2020-11-01","총지수","호남권","Honam",101.54,16.47
"2020","2020-12-01","총지수","전국","Nationwide",102.45,100
"2020","2020-12-01","총지수","기타","Others",103.39,16.82
"2020","2020-12-01","총지수","대전","Daejeon",101.43,16.51
"2020","2020-12-01","총지수","수도권","Capital Area",101.9,16.58
"2020","2020-12-01","총지수","영남권","Yeongnam",102.97,16.76
"2020","2020-12-01","총지수","충청권","Chungcheong",105.14,17.11
"2020","2020-12-01","총지수","호남권","Honam",99.68,16.22
"2021","2021-01-01","총지수","전국","Nationwide",102.47,100
"2021","2021-01-01","총지수","기타","Others",100.67,16.38
"2021","2021-01-01","총지수","대전","Daejeon",100.73,16.39
"2021","2021-01-01","총지수","수도권","Capital Area",104.86,17.07
"2021","2021-01-01","총지수","영남권","Yeongnam",102.06,16.61
"2021","2021-01-01","총지수","충청권","Chungcheong",106.73,17.37
"2021","2021-01-01","총지수","호남권","Honam",99.4,16.18
"2021","2021-02-01","총지수","전국","Nationwide",106.45,100
"2021","2021-02-01","총지수","기타","Others",103.87,16.27
"2021","2021-02-01","총지수","대전","Daejeon",106.87,16.74
"2021","2021-02-01","총지수","수도권","Capital Area",109.62,17.17
"2021","2021-02-01","총지수","영남권","Yeongnam",103.33,16.19
"2021","2021-02-01","총지수","충청권","Chungcheong",109.9,17.22
"2021","2021-02-01","총지수","호남권","Honam",104.72,16.41
"2021","2021-03-01","총지수","전국","Nationwide",104.77,100
"2021","2021-03-01","총지수","기타","Others",106.34,16.92
"2021","2021-03-01","총지수","대전","Daejeon",103.5,16.47
"2021","2021-03-01","총지수","수도권","Capital Area",106.59,16.96
"2021","2021-03-01","총지수","영남권","Yeongnam",104.25,16.59
"2021","2021-03-01","총지수","충청권","Chungcheong",106.11,16.89
"2021","2021-03-01","총지수","호남권","Honam",101.63,16.17
"2021","2021-04-01","총지수","전국","Nationwide",104.95,100
"2021","2021-04-01","총지수","기타","Others",103.31,16.41
"2021","2021-04-01","총지수","대전","Daejeon",105.67,16.78
"2021","2021-04-01","총지수","수도권","Capital Area",104.78,16.64
"2021","2021-04-01","총지수","영남권","Yeongnam",105.87,16.81
"2021","2021-04-01","총지수","충청권","Chungcheong",105.77,16.8
"2021","2021-04-01","총지수","호남권","Honam",104.27,16.56
"2021","2021-05-01","총지수","전국","Nationwide",104.05,99.99
"2021","2021-05-01","총지수","기타","Others",103.33,16.55
"2021","2021-05-01","총지수","대전","Daejeon",105.33,16.87
"2021","2021-05-01","총지수","수도권","Capital Area",102.76,16.46
"2021","2021-05-01","총지수","영남권","Yeongnam",104.89,16.8
"2021","2021-05-01","총지수","충청권","Chungcheong",105.06,16.83
"2021","2021-05-01","총지수","호남권","Honam",102.87,16.48
"2021","2021-06-01","총지수","전국","Nationwide",104.91,99.99
"2021","2021-06-01","총지수","기타","Others",103.19,16.4
"2021","2021-06-01","총지수","대전","Daejeon",108.43,17.23
"2021","2021-06-01","총지수","수도권","Capital Area",102.06,16.22
"2021","2021-06-01","총지수","영남권","Yeongnam",106.61,16.95
"2021","2021-06-01","총지수","충청권","Chungcheong",106.08,16.86
"2021","2021-06-01","총지수","호남권","Honam",102.77,16.33
"2021","2021-07-01","총지수","전국","Nationwide",105.67,100
"2021","2021-07-01","총지수","기타","Others",105.1,16.59
"2021","2021-07-01","총지수","대전","Daejeon",103.5,16.33
"2021","2021-07-01","총지수","수도권","Capital Area",103.74,16.37
"2021","2021-07-01","총지수","영남권","Yeongnam",109.15,17.23
"2021","2021-07-01","총지수","충청권","Chungcheong",108.99,17.2
"2021","2021-07-01","총지수","호남권","Honam",103.19,16.28
"2021","2021-08-01","총지수","전국","Nationwide",105.88,99.99
"2021","2021-08-01","총지수","기타","Others",104.96,16.53
"2021","2021-08-01","총지수","대전","Daejeon",100.73,15.87
"2021","2021-08-01","총지수","수도권","Capital Area",106.54,16.78
"2021","2021-08-01","총지수","영남권","Yeongnam",107.46,16.93
"2021","2021-08-01","총지수","충청권","Chungcheong",110.4,17.39
"2021","2021-08-01","총지수","호남권","Honam",104.7,16.49
"2021","2021-09-01","총지수","전국","Nationwide",108.62,99.99
"2021","2021-09-01","총지수","기타","Others",104.24,16.01
"2021","2021-09-01","총지수","대전","Daejeon",113.23,17.39
"2021","2021-09-01","총지수","수도권","Capital Area",104.69,16.08
"2021","2021-09-01","총지수","영남권","Yeongnam",108.79,16.71
"2021","2021-09-01","총지수","충청권","Chungcheong",113.46,17.43
"2021","2021-09-01","총지수","호남권","Honam",106.53,16.37
"2021","2021-10-01","총지수","전국","Nationwide",107.41,100
"2021","2021-10-01","총지수","기타","Others",107.1,16.63
"2021","2021-10-01","총지수","대전","Daejeon",103.63,16.09
"2021","2021-10-01","총지수","수도권","Capital Area",104.78,16.27
"2021","2021-10-01","총지수","영남권","Yeongnam",109.64,17.02
"2021","2021-10-01","총지수","충청권","Chungcheong",108.69,16.87
"2021","2021-10-01","총지수","호남권","Honam",110.26,17.12
"2021","2021-11-01","총지수","전국","Nationwide",107.94,99.99
"2021","2021-11-01","총지수","기타","Others",107.29,16.59
"2021","2021-11-01","총지수","대전","Daejeon",100.77,15.58
"2021","2021-11-01","총지수","수도권","Capital Area",103.68,16.03
"2021","2021-11-01","총지수","영남권","Yeongnam",111.48,17.24
"2021","2021-11-01","총지수","충청권","Chungcheong",112.07,17.33
"2021","2021-11-01","총지수","호남권","Honam",111.33,17.22
"2021","2021-12-01","총지수","전국","Nationwide",111.52,100
"2021","2021-12-01","총지수","기타","Others",109.77,16.44
"2021","2021-12-01","총지수","대전","Daejeon",103.33,15.47
"2021","2021-12-01","총지수","수도권","Capital Area",107.06,16.03
"2021","2021-12-01","총지수","영남권","Yeongnam",116.29,17.42
"2021","2021-12-01","총지수","충청권","Chungcheong",117.64,17.62
"2021","2021-12-01","총지수","호남권","Honam",113.64,17.02
"2022","2022-01-01","총지수","전국","Nationwide",110.8,100
"2022","2022-01-01","총지수","기타","Others",113.06,17.05
"2022","2022-01-01","총지수","대전","Daejeon",100.57,15.16
"2022","2022-01-01","총지수","수도권","Capital Area",107.18,16.16
"2022","2022-01-01","총지수","영남권","Yeongnam",113.75,17.15
"2022","2022-01-01","총지수","충청권","Chungcheong",116.62,17.58
"2022","2022-01-01","총지수","호남권","Honam",112.09,16.9
"2022","2022-02-01","총지수","전국","Nationwide",109.75,100.01
"2022","2022-02-01","총지수","기타","Others",110.51,16.79
"2022","2022-02-01","총지수","대전","Daejeon",106.43,16.17
"2022","2022-02-01","총지수","수도권","Capital Area",106.86,16.24
"2022","2022-02-01","총지수","영남권","Yeongnam",112.01,17.02
"2022","2022-02-01","총지수","충청권","Chungcheong",113.21,17.2
"2022","2022-02-01","총지수","호남권","Honam",109.17,16.59
"2022","2022-03-01","총지수","전국","Nationwide",111.67,99.99
"2022","2022-03-01","총지수","기타","Others",111.52,16.65
"2022","2022-03-01","총지수","대전","Daejeon",112.27,16.77
"2022","2022-03-01","총지수","수도권","Capital Area",107.23,16.01
"2022","2022-03-01","총지수","영남권","Yeongnam",113.52,16.95
"2022","2022-03-01","총지수","충청권","Chungcheong",115.52,17.25
"2022","2022-03-01","총지수","호남권","Honam",109.56,16.36
"2022","2022-04-01","총지수","전국","Nationwide",109.38,100.01
"2022","2022-04-01","총지수","기타","Others",109.89,16.77
"2022","2022-04-01","총지수","대전","Daejeon",103.43,15.78
"2022","2022-04-01","총지수","수도권","Capital Area",106.37,16.23
"2022","2022-04-01","총지수","영남권","Yeongnam",112.17,17.11
"2022","2022-04-01","총지수","충청권","Chungcheong",115.08,17.56
"2022","2022-04-01","총지수","호남권","Honam",108.53,16.56
"2022","2022-05-01","총지수","전국","Nationwide",110.85,99.99
"2022","2022-05-01","총지수","기타","Others",109.92,16.53
"2022","2022-05-01","총지수","대전","Daejeon",109.8,16.51
"2022","2022-05-01","총지수","수도권","Capital Area",108.19,16.27
"2022","2022-05-01","총지수","영남권","Yeongnam",112.6,16.94
"2022","2022-05-01","총지수","충청권","Chungcheong",114.51,17.22
"2022","2022-05-01","총지수","호남권","Honam",109.84,16.52
"2022","2022-06-01","총지수","전국","Nationwide",112.38,99.99
"2022","2022-06-01","총지수","기타","Others",111.92,16.61
"2022","2022-06-01","총지수","대전","Daejeon",107.17,15.91
"2022","2022-06-01","총지수","수도권","Capital Area",109.91,16.31
"2022","2022-06-01","총지수","영남권","Yeongnam",115.95,17.21
"2022","2022-06-01","총지수","충청권","Chungcheong",116.36,17.27
"2022","2022-06-01","총지수","호남권","Honam",112.39,16.68
"2022","2022-07-01","총지수","전국","Nationwide",114.8,100.01
"2022","2022-07-01","총지수","기타","Others",112.24,16.31
"2022","2022-07-01","총지수","대전","Daejeon",115.1,16.72
"2022","2022-07-01","총지수","수도권","Capital Area",110.32,16.03
"2022","2022-07-01","총지수","영남권","Yeongnam",118.85,17.27
"2022","2022-07-01","총지수","충청권","Chungcheong",117.79,17.11
"2022","2022-07-01","총지수","호남권","Honam",114.04,16.57
"2022","2022-08-01","총지수","전국","Nationwide",113.02,100.01
"2022","2022-08-01","총지수","기타","Others",110.82,16.36
"2022","2022-08-01","총지수","대전","Daejeon",108.67,16.05
"2022","2022-08-01","총지수","수도권","Capital Area",108.29,15.99
"2022","2022-08-01","총지수","영남권","Yeongnam",118.57,17.51
"2022","2022-08-01","총지수","충청권","Chungcheong",117.29,17.32
"2022","2022-08-01","총지수","호남권","Honam",113.63,16.78
"2022","2022-09-01","총지수","전국","Nationwide",114.16,100
"2022","2022-09-01","총지수","기타","Others",107.82,15.77
"2022","2022-09-01","총지수","대전","Daejeon",114.1,16.69
"2022","2022-09-01","총지수","수도권","Capital Area",107.5,15.72
"2022","2022-09-01","총지수","영남권","Yeongnam",118.18,17.29
"2022","2022-09-01","총지수","충청권","Chungcheong",120.87,17.68
"2022","2022-09-01","총지수","호남권","Honam",115.22,16.85
"2022","2022-10-01","총지수","전국","Nationwide",111.92,100
"2022","2022-10-01","총지수","기타","Others",107.37,16.03
"2022","2022-10-01","총지수","대전","Daejeon",107.3,16.02
"2022","2022-10-01","총지수","수도권","Capital Area",103.76,15.49
"2022","2022-10-01","총지수","영남권","Yeongnam",117.93,17.61
"2022","2022-10-01","총지수","충청권","Chungcheong",119.12,17.79
"2022","2022-10-01","총지수","호남권","Honam",114.26,17.06
"2022","2022-11-01","총지수","전국","Nationwide",114.07,100.01
"2022","2022-11-01","총지수","기타","Others",106.86,15.65
"2022","2022-11-01","총지수","대전","Daejeon",110.97,16.25
"2022","2022-11-01","총지수","수도권","Capital Area",108.76,15.93
"2022","2022-11-01","총지수","영남권","Yeongnam",117.71,17.24
"2022","2022-11-01","총지수","충청권","Chungcheong",121.31,17.76
"2022","2022-11-01","총지수","호남권","Honam",117.34,17.18
"2022","2022-12-01","총지수","전국","Nationwide",112.09,100
"2022","2022-12-01","총지수","기타","Others",107.63,16.04
"2022","2022-12-01","총지수","대전","Daejeon",110.1,16.41
"2022","2022-12-01","총지수","수도권","Capital Area",103.43,15.41
"2022","2022-12-01","총지수","영남권","Yeongnam",115.54,17.22
"2022","2022-12-01","총지수","충청권","Chungcheong",119.52,17.81
"2022","2022-12-01","총지수","호남권","Honam",114.79,17.11
"2023","2023-01-01","총지수","전국","Nationwide",115.19,100
"2023","2023-01-01","총지수","기타","Others",108.01,15.68
"2023","2023-01-01","총지수","대전","Daejeon",116.33,16.89
"2023","2023-01-01","총지수","수도권","Capital Area",105.67,15.34
"2023","2023-01-01","총지수","영남권","Yeongnam",119.01,17.28
"2023","2023-01-01","총지수","충청권","Chungcheong",125.26,18.18
"2023","2023-01-01","총지수","호남권","Honam",114.58,16.63
"2023","2023-02-01","총지수","전국","Nationwide",115.51,99.99
"2023","2023-02-01","총지수","기타","Others",112.19,16.24
"2023","2023-02-01","총지수","대전","Daejeon",111.4,16.12
"2023","2023-02-01","총지수","수도권","Capital Area",107.32,15.53
"2023","2023-02-01","총지수","영남권","Yeongnam",119.48,17.29
"2023","2023-02-01","총지수","충청권","Chungcheong",126.96,18.37
"2023","2023-02-01","총지수","호남권","Honam",113.6,16.44
"2023","2023-03-01","총지수","전국","Nationwide",114.67,99.99
"2023","2023-03-01","총지수","기타","Others",109.22,15.93
"2023","2023-03-01","총지수","대전","Daejeon",107.17,15.63
"2023","2023-03-01","총지수","수도권","Capital Area",108.07,15.76
"2023","2023-03-01","총지수","영남권","Yeongnam",120.02,17.51
"2023","2023-03-01","총지수","충청권","Chungcheong",125.76,18.34
"2023","2023-03-01","총지수","호남권","Honam",115.33,16.82
"2023","2023-04-01","총지수","전국","Nationwide",113.12,100
"2023","2023-04-01","총지수","기타","Others",108.51,16.06
"2023","2023-04-01","총지수","대전","Daejeon",101.57,15.04
"2023","2023-04-01","총지수","수도권","Capital Area",108.48,16.06
"2023","2023-04-01","총지수","영남권","Yeongnam",117.17,17.35
"2023","2023-04-01","총지수","충청권","Chungcheong",126.27,18.69
"2023","2023-04-01","총지수","호남권","Honam",113.48,16.8
"2023","2023-05-01","총지수","전국","Nationwide",115.56,100
"2023","2023-05-01","총지수","기타","Others",111.03,16.07
"2023","2023-05-01","총지수","대전","Daejeon",107.97,15.62
"2023","2023-05-01","총지수","수도권","Capital Area",111.11,16.08
"2023","2023-05-01","총지수","영남권","Yeongnam",117.77,17.04
"2023","2023-05-01","총지수","충청권","Chungcheong",128.38,18.58
"2023","2023-05-01","총지수","호남권","Honam",114.77,16.61
"2023","2023-06-01","총지수","전국","Nationwide",115.47,100
"2023","2023-06-01","총지수","기타","Others",108.21,15.7
"2023","2023-06-01","총지수","대전","Daejeon",108.93,15.8
"2023","2023-06-01","총지수","수도권","Capital Area",108.88,15.8
"2023","2023-06-01","총지수","영남권","Yeongnam",116.5,16.9
"2023","2023-06-01","총지수","충청권","Chungcheong",131.73,19.11
"2023","2023-06-01","총지수","호남권","Honam",115.08,16.69
"2023","2023-07-01","총지수","전국","Nationwide",113.56,100
"2023","2023-07-01","총지수","기타","Others",107.4,15.81
"2023","2023-07-01","총지수","대전","Daejeon",106.17,15.62
"2023","2023-07-01","총지수","수도권","Capital Area",112.19,16.51
"2023","2023-07-01","총지수","영남권","Yeongnam",114.62,16.87
"2023","2023-07-01","총지수","충청권","Chungcheong",124.21,18.28
"2023","2023-07-01","총지수","호남권","Honam",114.9,16.91
"2023","2023-08-01","총지수","전국","Nationwide",115.19,100
"2023","2023-08-01","총지수","기타","Others",111.12,16.11
"2023","2023-08-01","총지수","대전","Daejeon",107.8,15.63
"2023","2023-08-01","총지수","수도권","Capital Area",114,16.53
"2023","2023-08-01","총지수","영남권","Yeongnam",117.77,17.07
"2023","2023-08-01","총지수","충청권","Chungcheong",123.77,17.94
"2023","2023-08-01","총지수","호남권","Honam",115.36,16.72
"2023","2023-09-01","총지수","전국","Nationwide",114.8,99.99
"2023","2023-09-01","총지수","기타","Others",109.82,15.97
"2023","2023-09-01","총지수","대전","Daejeon",109.67,15.95
"2023","2023-09-01","총지수","수도권","Capital Area",113.31,16.48
"2023","2023-09-01","총지수","영남권","Yeongnam",115.13,16.74
"2023","2023-09-01","총지수","충청권","Chungcheong",124.06,18.04
"2023","2023-09-01","총지수","호남권","Honam",115.57,16.81
"2023","2023-10-01","총지수","전국","Nationwide",114.03,100
"2023","2023-10-01","총지수","기타","Others",108.56,15.9
"2023","2023-10-01","총지수","대전","Daejeon",110.6,16.2
"2023","2023-10-01","총지수","수도권","Capital Area",110.64,16.2
"2023","2023-10-01","총지수","영남권","Yeongnam",115.63,16.94
"2023","2023-10-01","총지수","충청권","Chungcheong",124.32,18.21
"2023","2023-10-01","총지수","호남권","Honam",113.03,16.55
"2023","2023-11-01","총지수","전국","Nationwide",114.36,100
"2023","2023-11-01","총지수","기타","Others",107.09,15.64
"2023","2023-11-01","총지수","대전","Daejeon",114.47,16.71
"2023","2023-11-01","총지수","수도권","Capital Area",111.59,16.29
"2023","2023-11-01","총지수","영남권","Yeongnam",115.47,16.86
"2023","2023-11-01","총지수","충청권","Chungcheong",123.21,17.99
"2023","2023-11-01","총지수","호남권","Honam",113.09,16.51
"2023","2023-12-01","총지수","전국","Nationwide",114.63,100
"2023","2023-12-01","총지수","기타","Others",104.38,15.21
"2023","2023-12-01","총지수","대전","Daejeon",117.93,17.18
"2023","2023-12-01","총지수","수도권","Capital Area",114.76,16.72
"2023","2023-12-01","총지수","영남권","Yeongnam",115.01,16.76
"2023","2023-12-01","총지수","충청권","Chungcheong",121.67,17.73
"2023","2023-12-01","총지수","호남권","Honam",112.56,16.4
"2024","2024-01-01","총지수","전국","Nationwide",114.77,99.99
"2024","2024-01-01","총지수","기타","Others",106.36,15.47
"2024","2024-01-01","총지수","대전","Daejeon",113.5,16.51
"2024","2024-01-01","총지수","수도권","Capital Area",111.58,16.23
"2024","2024-01-01","총지수","영남권","Yeongnam",117.22,17.05
"2024","2024-01-01","총지수","충청권","Chungcheong",122.66,17.85
"2024","2024-01-01","총지수","호남권","Honam",115.99,16.88
"2024","2024-02-01","총지수","전국","Nationwide",116.19,99.99
"2024","2024-02-01","총지수","기타","Others",104.26,15
"2024","2024-02-01","총지수","대전","Daejeon",114.47,16.46
"2024","2024-02-01","총지수","수도권","Capital Area",115.77,16.65
"2024","2024-02-01","총지수","영남권","Yeongnam",118.02,16.97
"2024","2024-02-01","총지수","충청권","Chungcheong",123.99,17.83
"2024","2024-02-01","총지수","호남권","Honam",118.77,17.08
"2024","2024-03-01","총지수","전국","Nationwide",113.48,100
"2024","2024-03-01","총지수","기타","Others",105.47,15.52
"2024","2024-03-01","총지수","대전","Daejeon",111.8,16.45
"2024","2024-03-01","총지수","수도권","Capital Area",110.46,16.25
"2024","2024-03-01","총지수","영남권","Yeongnam",115.81,17.04
"2024","2024-03-01","총지수","충청권","Chungcheong",120.94,17.79
"2024","2024-03-01","총지수","호남권","Honam",115.19,16.95
"2024","2024-04-01","총지수","전국","Nationwide",115.2,100.01
"2024","2024-04-01","총지수","기타","Others",103.87,15.07
"2024","2024-04-01","총지수","대전","Daejeon",113.67,16.49
"2024","2024-04-01","총지수","수도권","Capital Area",112.29,16.29
"2024","2024-04-01","총지수","영남권","Yeongnam",118.33,17.17
"2024","2024-04-01","총지수","충청권","Chungcheong",121.93,17.69
"2024","2024-04-01","총지수","호남권","Honam",119.27,17.3
"2024","2024-05-01","총지수","전국","Nationwide",116.2,99.99
"2024","2024-05-01","총지수","기타","Others",103.82,14.93
"2024","2024-05-01","총지수","대전","Daejeon",115.47,16.6
"2024","2024-05-01","총지수","수도권","Capital Area",116.52,16.75
"2024","2024-05-01","총지수","영남권","Yeongnam",118.55,17.05
"2024","2024-05-01","총지수","충청권","Chungcheong",121.66,17.49
"2024","2024-05-01","총지수","호남권","Honam",119.44,17.17
"2024","2024-06-01","총지수","전국","Nationwide",115.71,100
"2024","2024-06-01","총지수","기타","Others",104.61,15.11
"2024","2024-06-01","총지수","대전","Daejeon",117.53,16.97
"2024","2024-06-01","총지수","수도권","Capital Area",112.13,16.19
"2024","2024-06-01","총지수","영남권","Yeongnam",116.49,16.82
"2024","2024-06-01","총지수","충청권","Chungcheong",122.86,17.74
"2024","2024-06-01","총지수","호남권","Honam",118.89,17.17
"2024","2024-07-01","총지수","전국","Nationwide",115.3,100
"2024","2024-07-01","총지수","기타","Others",103.37,14.98
"2024","2024-07-01","총지수","대전","Daejeon",118.83,17.22
"2024","2024-07-01","총지수","수도권","Capital Area",112.83,16.35
"2024","2024-07-01","총지수","영남권","Yeongnam",116.07,16.82
"2024","2024-07-01","총지수","충청권","Chungcheong",121.32,17.58
"2024","2024-07-01","총지수","호남권","Honam",117.63,17.05
"2024","2024-08-01","총지수","전국","Nationwide",117.24,100
"2024","2024-08-01","총지수","기타","Others",107.42,15.3
"2024","2024-08-01","총지수","대전","Daejeon",116.87,16.65
"2024","2024-08-01","총지수","수도권","Capital Area",112.77,16.07
"2024","2024-08-01","총지수","영남권","Yeongnam",121.19,17.26
"2024","2024-08-01","총지수","충청권","Chungcheong",122.89,17.51
"2024","2024-08-01","총지수","호남권","Honam",120.81,17.21
"2024","2024-09-01","총지수","전국","Nationwide",115.44,99.99
"2024","2024-09-01","총지수","기타","Others",106.42,15.39
"2024","2024-09-01","총지수","대전","Daejeon",114.37,16.54
"2024","2024-09-01","총지수","수도권","Capital Area",112.02,16.2
"2024","2024-09-01","총지수","영남권","Yeongnam",120.33,17.41
"2024","2024-09-01","총지수","충청권","Chungcheong",119.7,17.31
"2024","2024-09-01","총지수","호남권","Honam",118.51,17.14
"2024","2024-10-01","총지수","전국","Nationwide",116.52,100
"2024","2024-10-01","총지수","기타","Others",104.16,14.94
"2024","2024-10-01","총지수","대전","Daejeon",117.43,16.85
"2024","2024-10-01","총지수","수도권","Capital Area",111.61,16.01
"2024","2024-10-01","총지수","영남권","Yeongnam",120.55,17.3
"2024","2024-10-01","총지수","충청권","Chungcheong",122.4,17.56
"2024","2024-10-01","총지수","호남권","Honam",120.87,17.34
"2024","2024-11-01","총지수","전국","Nationwide",114.75,100.01
"2024","2024-11-01","총지수","기타","Others",103.73,15.11
"2024","2024-11-01","총지수","대전","Daejeon",115.23,16.78
"2024","2024-11-01","총지수","수도권","Capital Area",110.41,16.08
"2024","2024-11-01","총지수","영남권","Yeongnam",118.58,17.27
"2024","2024-11-01","총지수","충청권","Chungcheong",122.06,17.78
"2024","2024-11-01","총지수","호남권","Honam",116.67,16.99
"2024","2024-12-01","총지수","전국","Nationwide",117.59,100.01
"2024","2024-12-01","총지수","기타","Others",106.92,15.19
"2024","2024-12-01","총지수","대전","Daejeon",116.07,16.49
"2024","2024-12-01","총지수","수도권","Capital Area",115.11,16.35
"2024","2024-12-01","총지수","영남권","Yeongnam",121.13,17.21
"2024","2024-12-01","총지수","충청권","Chungcheong",122.32,17.38
"2024","2024-12-01","총지수","호남권","Honam",122.44,17.39
"2025","2025-01-01","총지수","전국","Nationwide",113.88,100
"2025","2025-01-01","총지수","기타","Others",104.24,15.3
"2025","2025-01-01","총지수","대전","Daejeon",112.73,16.54
"2025","2025-01-01","총지수","수도권","Capital Area",108.16,15.87
"2025","2025-01-01","총지수","영남권","Yeongnam",117.33,17.22
"2025","2025-01-01","총지수","충청권","Chungcheong",117.38,17.23
"2025","2025-01-01","총지수","호남권","Honam",121.6,17.84
"2025","2025-02-01","총지수","전국","Nationwide",115.67,100.01
"2025","2025-02-01","총지수","기타","Others",105.91,15.3
"2025","2025-02-01","총지수","대전","Daejeon",115.1,16.63
"2025","2025-02-01","총지수","수도권","Capital Area",109.68,15.85
"2025","2025-02-01","총지수","영남권","Yeongnam",118.49,17.12
"2025","2025-02-01","총지수","충청권","Chungcheong",120.06,17.35
"2025","2025-02-01","총지수","호남권","Honam",122.93,17.76
"2025","2025-03-01","총지수","전국","Nationwide",115.85,100.01
"2025","2025-03-01","총지수","기타","Others",104.9,15.14
"2025","2025-03-01","총지수","대전","Daejeon",109.7,15.84
"2025","2025-03-01","총지수","수도권","Capital Area",112.94,16.31
"2025","2025-03-01","총지수","영남권","Yeongnam",119.11,17.2
"2025","2025-03-01","총지수","충청권","Chungcheong",122.61,17.7
"2025","2025-03-01","총지수","호남권","Honam",123.4,17.82
"2025","2025-04-01","총지수","전국","Nationwide",115.99,100
"2025","2025-04-01","총지수","기타","Others",107.23,15.46
"2025","2025-04-01","총지수","대전","Daejeon",110.73,15.96
"2025","2025-04-01","총지수","수도권","Capital Area",110.57,15.94
"2025","2025-04-01","총지수","영남권","Yeongnam",118.69,17.11
"2025","2025-04-01","총지수","충청권","Chungcheong",120.9,17.43
"2025","2025-04-01","총지수","호남권","Honam",125.59,18.1
"2025","2025-05-01","총지수","전국","Nationwide",113.62,100
"2025","2025-05-01","총지수","기타","Others",104.83,15.44
"2025","2025-05-01","총지수","대전","Daejeon",105.2,15.49
"2025","2025-05-01","총지수","수도권","Capital Area",108.93,16.04
"2025","2025-05-01","총지수","영남권","Yeongnam",116.8,17.2
"2025","2025-05-01","총지수","충청권","Chungcheong",121.17,17.85
"2025","2025-05-01","총지수","호남권","Honam",122.06,17.98
"2025","2025-06-01","총지수","전국","Nationwide",116,100
"2025","2025-06-01","총지수","기타","Others",107.1,15.43
"2025","2025-06-01","총지수","대전","Daejeon",108.03,15.57
"2025","2025-06-01","총지수","수도권","Capital Area",114.9,16.56
"2025","2025-06-01","총지수","영남권","Yeongnam",120.79,17.4
"2025","2025-06-01","총지수","충청권","Chungcheong",120.3,17.33
"2025","2025-06-01","총지수","호남권","Honam",122.89,17.71
"2025","2025-07-01","총지수","전국","Nationwide",115.08,100.01
"2025","2025-07-01","총지수","기타","Others",108.39,15.75
"2025","2025-07-01","총지수","대전","Daejeon",105.9,15.39
"2025","2025-07-01","총지수","수도권","Capital Area",111.87,16.26
"2025","2025-07-01","총지수","영남권","Yeongnam",117.59,17.09
"2025","2025-07-01","총지수","충청권","Chungcheong",119.47,17.36
"2025","2025-07-01","총지수","호남권","Honam",124.96,18.16
"2025","2025-08-01","총지수","전국","Nationwide",116.1,100.01
"2025","2025-08-01","총지수","기타","Others",106.53,15.36
"2025","2025-08-01","총지수","대전","Daejeon",107.6,15.51
"2025","2025-08-01","총지수","수도권","Capital Area",111.02,16
"2025","2025-08-01","총지수","영남권","Yeongnam",120.82,17.42
"2025","2025-08-01","총지수","충청권","Chungcheong",122.62,17.68
"2025","2025-08-01","총지수","호남권","Honam",125.14,18.04
"2025","2025-09-01","총지수","전국","Nationwide",114.5,100.01
"2025","2025-09-01","총지수","기타","Others",107.03,15.65
"2025","2025-09-01","총지수","대전","Daejeon",102.5,14.99
"2025","2025-09-01","총지수","수도권","Capital Area",111.7,16.33
"2025","2025-09-01","총지수","영남권","Yeongnam",120.22,17.58
"2025","2025-09-01","총지수","충청권","Chungcheong",118.68,17.35
"2025","2025-09-01","총지수","호남권","Honam",123.87,18.11
"2025","2025-10-01","총지수","전국","Nationwide",113.17,100.01
"2025","2025-10-01","총지수","기타","Others",104.82,15.52
"2025","2025-10-01","총지수","대전","Daejeon",101.33,15
"2025","2025-10-01","총지수","수도권","Capital Area",109.2,16.16
"2025","2025-10-01","총지수","영남권","Yeongnam",117.52,17.4
"2025","2025-10-01","총지수","충청권","Chungcheong",118.46,17.54
"2025","2025-10-01","총지수","호남권","Honam",124.22,18.39
"2025","2025-11-01","총지수","전국","Nationwide",113.9,100.02
"2025","2025-11-01","총지수","기타","Others",105.99,15.59
"2025","2025-11-01","총지수","대전","Daejeon",102.1,15.02
"2025","2025-11-01","총지수","수도권","Capital Area",109.44,16.1
"2025","2025-11-01","총지수","영남권","Yeongnam",119.98,17.65
"2025","2025-11-01","총지수","충청권","Chungcheong",117.77,17.32
"2025","2025-11-01","총지수","호남권","Honam",124.68,18.34
"2025","2025-12-01","총지수","전국","Nationwide",115.05,100
"2025","2025-12-01","총지수","기타","Others",105.14,15.31
"2025","2025-12-01","총지수","대전","Daejeon",104.47,15.21
"2025","2025-12-01","총지수","수도권","Capital Area",109.91,16
"2025","2025-12-01","총지수","영남권","Yeongnam",121.67,17.72
"2025","2025-12-01","총지수","충청권","Chungcheong",121.37,17.67
"2025","2025-12-01","총지수","호남권","Honam",124.22,18.09
"2026","2026-01-01","총지수","전국","Nationwide",112.04,100
"2026","2026-01-01","총지수","기타","Others",104.69,15.68
"2026","2026-01-01","총지수","대전","Daejeon",99.77,14.94
"2026","2026-01-01","총지수","수도권","Capital Area",103.06,15.43
"2026","2026-01-01","총지수","영남권","Yeongnam",117.99,17.67
"2026","2026-01-01","총지수","충청권","Chungcheong",120.11,17.98
"2026","2026-01-01","총지수","호남권","Honam",122.24,18.3
"2026","2026-02-01","총지수","전국","Nationwide",114.13,100
"2026","2026-02-01","총지수","기타","Others",107.42,15.77
"2026","2026-02-01","총지수","대전","Daejeon",99.4,14.59
"2026","2026-02-01","총지수","수도권","Capital Area",112.87,16.57
"2026","2026-02-01","총지수","영남권","Yeongnam",116.19,17.06
"2026","2026-02-01","총지수","충청권","Chungcheong",121.86,17.89
"2026","2026-02-01","총지수","호남권","Honam",123.41,18.12
"2026","2026-03-01","총지수","전국","Nationwide",113.95,100
"2026","2026-03-01","총지수","기타","Others",106.88,15.73
"2026","2026-03-01","총지수","대전","Daejeon",98.3,14.46
"2026","2026-03-01","총지수","수도권","Capital Area",111.39,16.39
"2026","2026-03-01","총지수","영남권","Yeongnam",119.45,17.58
"2026","2026-03-01","총지수","충청권","Chungcheong",119.69,17.61
"2026","2026-03-01","총지수","호남권","Honam",123.93,18.23
"2026","2026-04-01","총지수","전국","Nationwide",114.35,100
"2026","2026-04-01","총지수","기타","Others",104.68,15.34
"2026","2026-04-01","총지수","대전","Daejeon",102.23,14.98
"2026","2026-04-01","총지수","수도권","Capital Area",110.92,16.26
"2026","2026-04-01","총지수","영남권","Yeongnam",117.99,17.29
"2026","2026-04-01","총지수","충청권","Chungcheong",121.56,17.82
"2026","2026-04-01","총지수","호남권","Honam",124.96,18.31
"2026","2026-05-01","총지수","전국","Nationwide",113.23,100
"2026","2026-05-01","총지수","기타","Others",102.4,15.18
"2026","2026-05-01","총지수","대전","Daejeon",99.93,14.82
"2026","2026-05-01","총지수","수도권","Capital Area",107.37,15.92
"2026","2026-05-01","총지수","영남권","Yeongnam",118.39,17.55
"2026","2026-05-01","총지수","충청권","Chungcheong",122.78,18.2
"2026","2026-05-01","총지수","호남권","Honam",123.62,18.33
"2026","2026-06-01","총지수","전국","Nationwide",119.3,100.01
"2026","2026-06-01","총지수","기타","Others",109.54,15.39
"2026","2026-06-01","총지수","대전","Daejeon",107.4,15.09
"2026","2026-06-01","총지수","수도권","Capital Area",113.78,15.98
"2026","2026-06-01","총지수","영남권","Yeongnam",125.27,17.6
"2026","2026-06-01","총지수","충청권","Chungcheong",125.7,17.66
"2026","2026-06-01","총지수","호남권","Honam",130.22,18.29
