시도별,산업별,산업코드,연도,지표,단위,값,비고
전국,광업 및 제조업,,2021,사업체수,개,72864.0,
전국,광업,05~08,2021,사업체수,개,354.0,
전국,제조업,10~34,2021,사업체수,개,72510.0,
서울특별시,광업 및 제조업,,2021,사업체수,개,3938.0,
서울특별시,광업,05~08,2021,사업체수,개,1.0,
서울특별시,제조업,10~34,2021,사업체수,개,3937.0,
부산광역시,광업 및 제조업,,2021,사업체수,개,4293.0,
부산광역시,광업,05~08,2021,사업체수,개,2.0,
부산광역시,제조업,10~34,2021,사업체수,개,4291.0,
대구광역시,광업 및 제조업,,2021,사업체수,개,3296.0,
대구광역시,광업,05~08,2021,사업체수,개,1.0,
대구광역시,제조업,10~34,2021,사업체수,개,3295.0,
인천광역시,광업 및 제조업,,2021,사업체수,개,4747.0,
인천광역시,광업,05~08,2021,사업체수,개,15.0,
인천광역시,제조업,10~34,2021,사업체수,개,4732.0,
광주광역시,광업 및 제조업,,2021,사업체수,개,1316.0,
광주광역시,광업,05~08,2021,사업체수,개,2.0,
광주광역시,제조업,10~34,2021,사업체수,개,1314.0,
대전광역시,광업 및 제조업,,2021,사업체수,개,973.0,
대전광역시,광업,05~08,2021,사업체수,개,0.0,-
대전광역시,제조업,10~34,2021,사업체수,개,973.0,
울산광역시,광업 및 제조업,,2021,사업체수,개,1826.0,
울산광역시,광업,05~08,2021,사업체수,개,9.0,
울산광역시,제조업,10~34,2021,사업체수,개,1817.0,
세종특별자치시,광업 및 제조업,,2021,사업체수,개,330.0,
세종특별자치시,광업,05~08,2021,사업체수,개,4.0,
세종특별자치시,제조업,10~34,2021,사업체수,개,326.0,
경기도,광업 및 제조업,,2021,사업체수,개,26015.0,
경기도,광업,05~08,2021,사업체수,개,44.0,
경기도,제조업,10~34,2021,사업체수,개,25971.0,
강원특별자치도,광업 및 제조업,,2021,사업체수,개,1184.0,
강원특별자치도,광업,05~08,2021,사업체수,개,75.0,
강원특별자치도,제조업,10~34,2021,사업체수,개,1109.0,
충청북도,광업 및 제조업,,2021,사업체수,개,3492.0,
충청북도,광업,05~08,2021,사업체수,개,40.0,
충청북도,제조업,10~34,2021,사업체수,개,3452.0,
충청남도,광업 및 제조업,,2021,사업체수,개,4693.0,
충청남도,광업,05~08,2021,사업체수,개,27.0,
충청남도,제조업,10~34,2021,사업체수,개,4666.0,
전라북도,광업 및 제조업,,2021,사업체수,개,1938.0,
전라북도,광업,05~08,2021,사업체수,개,29.0,
전라북도,제조업,10~34,2021,사업체수,개,1909.0,
전라남도,광업 및 제조업,,2021,사업체수,개,2051.0,
전라남도,광업,05~08,2021,사업체수,개,35.0,
전라남도,제조업,10~34,2021,사업체수,개,2016.0,
경상북도,광업 및 제조업,,2021,사업체수,개,5357.0,
경상북도,광업,05~08,2021,사업체수,개,40.0,
경상북도,제조업,10~34,2021,사업체수,개,5317.0,
경상남도,광업 및 제조업,,2021,사업체수,개,7182.0,
경상남도,광업,05~08,2021,사업체수,개,23.0,
경상남도,제조업,10~34,2021,사업체수,개,7159.0,
제주특별자치도,광업 및 제조업,,2021,사업체수,개,233.0,
제주특별자치도,광업,05~08,2021,사업체수,개,7.0,
제주특별자치도,제조업,10~34,2021,사업체수,개,226.0,
전국,광업 및 제조업,,2021,종사자수,명,2948677.0,
전국,광업,05~08,2021,종사자수,명,10734.0,
전국,제조업,10~34,2021,종사자수,명,2937943.0,
서울특별시,광업 및 제조업,,2021,종사자수,명,97789.0,
서울특별시,광업,05~08,2021,종사자수,명,,X
서울특별시,제조업,10~34,2021,종사자수,명,97777.0,
부산광역시,광업 및 제조업,,2021,종사자수,명,130493.0,
부산광역시,광업,05~08,2021,종사자수,명,,X
부산광역시,제조업,10~34,2021,종사자수,명,130449.0,
대구광역시,광업 및 제조업,,2021,종사자수,명,101789.0,
대구광역시,광업,05~08,2021,종사자수,명,,X
대구광역시,제조업,10~34,2021,종사자수,명,101778.0,
인천광역시,광업 및 제조업,,2021,종사자수,명,173108.0,
인천광역시,광업,05~08,2021,종사자수,명,499.0,
인천광역시,제조업,10~34,2021,종사자수,명,172609.0,
광주광역시,광업 및 제조업,,2021,종사자수,명,64282.0,
광주광역시,광업,05~08,2021,종사자수,명,,X
광주광역시,제조업,10~34,2021,종사자수,명,64261.0,
대전광역시,광업 및 제조업,,2021,종사자수,명,44173.0,
대전광역시,광업,05~08,2021,종사자수,명,0.0,-
대전광역시,제조업,10~34,2021,종사자수,명,44173.0,
울산광역시,광업 및 제조업,,2021,종사자수,명,160745.0,
울산광역시,광업,05~08,2021,종사자수,명,255.0,
울산광역시,제조업,10~34,2021,종사자수,명,160490.0,
세종특별자치시,광업 및 제조업,,2021,종사자수,명,18431.0,
세종특별자치시,광업,05~08,2021,종사자수,명,119.0,
세종특별자치시,제조업,10~34,2021,종사자수,명,18312.0,
경기도,광업 및 제조업,,2021,종사자수,명,932801.0,
경기도,광업,05~08,2021,종사자수,명,1257.0,
경기도,제조업,10~34,2021,종사자수,명,931544.0,
강원특별자치도,광업 및 제조업,,2021,종사자수,명,45014.0,
강원특별자치도,광업,05~08,2021,종사자수,명,3916.0,
강원특별자치도,제조업,10~34,2021,종사자수,명,41098.0,
충청북도,광업 및 제조업,,2021,종사자수,명,187757.0,
충청북도,광업,05~08,2021,종사자수,명,951.0,
충청북도,제조업,10~34,2021,종사자수,명,186806.0,
충청남도,광업 및 제조업,,2021,종사자수,명,265943.0,
충청남도,광업,05~08,2021,종사자수,명,618.0,
충청남도,제조업,10~34,2021,종사자수,명,265325.0,
전라북도,광업 및 제조업,,2021,종사자수,명,89034.0,
전라북도,광업,05~08,2021,종사자수,명,557.0,
전라북도,제조업,10~34,2021,종사자수,명,88477.0,
전라남도,광업 및 제조업,,2021,종사자수,명,93279.0,
전라남도,광업,05~08,2021,종사자수,명,940.0,
전라남도,제조업,10~34,2021,종사자수,명,92339.0,
경상북도,광업 및 제조업,,2021,종사자수,명,235117.0,
경상북도,광업,05~08,2021,종사자수,명,888.0,
경상북도,제조업,10~34,2021,종사자수,명,234229.0,
경상남도,광업 및 제조업,,2021,종사자수,명,303123.0,
경상남도,광업,05~08,2021,종사자수,명,497.0,
경상남도,제조업,10~34,2021,종사자수,명,302626.0,
제주특별자치도,광업 및 제조업,,2021,종사자수,명,5799.0,
제주특별자치도,광업,05~08,2021,종사자수,명,149.0,
제주특별자치도,제조업,10~34,2021,종사자수,명,5650.0,
전국,광업 및 제조업,,2021,급여액,백만원,148700623.0,
전국,광업,05~08,2021,급여액,백만원,489541.0,
전국,제조업,10~34,2021,급여액,백만원,148211082.0,
서울특별시,광업 및 제조업,,2021,급여액,백만원,3644761.0,
서울특별시,광업,05~08,2021,급여액,백만원,,X
서울특별시,제조업,10~34,2021,급여액,백만원,3644403.0,
부산광역시,광업 및 제조업,,2021,급여액,백만원,5585154.0,
부산광역시,광업,05~08,2021,급여액,백만원,,X
부산광역시,제조업,10~34,2021,급여액,백만원,5583547.0,
대구광역시,광업 및 제조업,,2021,급여액,백만원,4201897.0,
대구광역시,광업,05~08,2021,급여액,백만원,,X
대구광역시,제조업,10~34,2021,급여액,백만원,4201302.0,
인천광역시,광업 및 제조업,,2021,급여액,백만원,7912773.0,
인천광역시,광업,05~08,2021,급여액,백만원,24665.0,
인천광역시,제조업,10~34,2021,급여액,백만원,7888108.0,
광주광역시,광업 및 제조업,,2021,급여액,백만원,3130070.0,
광주광역시,광업,05~08,2021,급여액,백만원,,X
광주광역시,제조업,10~34,2021,급여액,백만원,3129480.0,
대전광역시,광업 및 제조업,,2021,급여액,백만원,2089144.0,
대전광역시,광업,05~08,2021,급여액,백만원,0.0,-
대전광역시,제조업,10~34,2021,급여액,백만원,2089144.0,
울산광역시,광업 및 제조업,,2021,급여액,백만원,9506242.0,
울산광역시,광업,05~08,2021,급여액,백만원,15329.0,
울산광역시,제조업,10~34,2021,급여액,백만원,9490913.0,
세종특별자치시,광업 및 제조업,,2021,급여액,백만원,976450.0,
세종특별자치시,광업,05~08,2021,급여액,백만원,4341.0,
세종특별자치시,제조업,10~34,2021,급여액,백만원,972109.0,
경기도,광업 및 제조업,,2021,급여액,백만원,48537488.0,
경기도,광업,05~08,2021,급여액,백만원,65570.0,
경기도,제조업,10~34,2021,급여액,백만원,48471918.0,
강원특별자치도,광업 및 제조업,,2021,급여액,백만원,1808923.0,
강원특별자치도,광업,05~08,2021,급여액,백만원,173915.0,
강원특별자치도,제조업,10~34,2021,급여액,백만원,1635008.0,
충청북도,광업 및 제조업,,2021,급여액,백만원,9296063.0,
충청북도,광업,05~08,2021,급여액,백만원,39808.0,
충청북도,제조업,10~34,2021,급여액,백만원,9256255.0,
충청남도,광업 및 제조업,,2021,급여액,백만원,14988969.0,
충청남도,광업,05~08,2021,급여액,백만원,30868.0,
충청남도,제조업,10~34,2021,급여액,백만원,14958101.0,
전라북도,광업 및 제조업,,2021,급여액,백만원,4043607.0,
전라북도,광업,05~08,2021,급여액,백만원,26389.0,
전라북도,제조업,10~34,2021,급여액,백만원,4017218.0,
전라남도,광업 및 제조업,,2021,급여액,백만원,5021851.0,
전라남도,광업,05~08,2021,급여액,백만원,35473.0,
전라남도,제조업,10~34,2021,급여액,백만원,4986378.0,
경상북도,광업 및 제조업,,2021,급여액,백만원,12877226.0,
경상북도,광업,05~08,2021,급여액,백만원,38869.0,
경상북도,제조업,10~34,2021,급여액,백만원,12838357.0,
경상남도,광업 및 제조업,,2021,급여액,백만원,14842912.0,
경상남도,광업,05~08,2021,급여액,백만원,25090.0,
경상남도,제조업,10~34,2021,급여액,백만원,14817822.0,
제주특별자치도,광업 및 제조업,,2021,급여액,백만원,237093.0,
제주특별자치도,광업,05~08,2021,급여액,백만원,6074.0,
제주특별자치도,제조업,10~34,2021,급여액,백만원,231019.0,
전국,광업 및 제조업,,2021,출하액,백만원,1768983137.0,
전국,광업,05~08,2021,출하액,백만원,3319485.0,
전국,제조업,10~34,2021,출하액,백만원,1765663652.0,
서울특별시,광업 및 제조업,,2021,출하액,백만원,33492829.0,
서울특별시,광업,05~08,2021,출하액,백만원,,X
서울특별시,제조업,10~34,2021,출하액,백만원,33489713.0,
부산광역시,광업 및 제조업,,2021,출하액,백만원,46891699.0,
부산광역시,광업,05~08,2021,출하액,백만원,,X
부산광역시,제조업,10~34,2021,출하액,백만원,46878131.0,
대구광역시,광업 및 제조업,,2021,출하액,백만원,33170882.0,
대구광역시,광업,05~08,2021,출하액,백만원,,X
대구광역시,제조업,10~34,2021,출하액,백만원,33169060.0,
인천광역시,광업 및 제조업,,2021,출하액,백만원,77181668.0,
인천광역시,광업,05~08,2021,출하액,백만원,176728.0,
인천광역시,제조업,10~34,2021,출하액,백만원,77004940.0,
광주광역시,광업 및 제조업,,2021,출하액,백만원,38757413.0,
광주광역시,광업,05~08,2021,출하액,백만원,,X
광주광역시,제조업,10~34,2021,출하액,백만원,38756262.0,
대전광역시,광업 및 제조업,,2021,출하액,백만원,20086362.0,
대전광역시,광업,05~08,2021,출하액,백만원,0.0,-
대전광역시,제조업,10~34,2021,출하액,백만원,20086362.0,
울산광역시,광업 및 제조업,,2021,출하액,백만원,209056823.0,
울산광역시,광업,05~08,2021,출하액,백만원,110488.0,
울산광역시,제조업,10~34,2021,출하액,백만원,208946335.0,
세종특별자치시,광업 및 제조업,,2021,출하액,백만원,9365765.0,
세종특별자치시,광업,05~08,2021,출하액,백만원,31994.0,
세종특별자치시,제조업,10~34,2021,출하액,백만원,9333771.0,
경기도,광업 및 제조업,,2021,출하액,백만원,489560017.0,
경기도,광업,05~08,2021,출하액,백만원,652587.0,
경기도,제조업,10~34,2021,출하액,백만원,488907430.0,
강원특별자치도,광업 및 제조업,,2021,출하액,백만원,16095351.0,
강원특별자치도,광업,05~08,2021,출하액,백만원,930406.0,
강원특별자치도,제조업,10~34,2021,출하액,백만원,15164945.0,
충청북도,광업 및 제조업,,2021,출하액,백만원,112116300.0,
충청북도,광업,05~08,2021,출하액,백만원,297933.0,
충청북도,제조업,10~34,2021,출하액,백만원,111818367.0,
충청남도,광업 및 제조업,,2021,출하액,백만원,221383154.0,
충청남도,광업,05~08,2021,출하액,백만원,234071.0,
충청남도,제조업,10~34,2021,출하액,백만원,221149083.0,
전라북도,광업 및 제조업,,2021,출하액,백만원,45884826.0,
전라북도,광업,05~08,2021,출하액,백만원,196900.0,
전라북도,제조업,10~34,2021,출하액,백만원,45687926.0,
전라남도,광업 및 제조업,,2021,출하액,백만원,125185411.0,
전라남도,광업,05~08,2021,출하액,백만원,222257.0,
전라남도,제조업,10~34,2021,출하액,백만원,124963154.0,
경상북도,광업 및 제조업,,2021,출하액,백만원,156402524.0,
경상북도,광업,05~08,2021,출하액,백만원,242917.0,
경상북도,제조업,10~34,2021,출하액,백만원,156159607.0,
경상남도,광업 및 제조업,,2021,출하액,백만원,132393693.0,
경상남도,광업,05~08,2021,출하액,백만원,164098.0,
경상남도,제조업,10~34,2021,출하액,백만원,132229595.0,
제주특별자치도,광업 및 제조업,,2021,출하액,백만원,1958420.0,
제주특별자치도,광업,05~08,2021,출하액,백만원,39449.0,
제주특별자치도,제조업,10~34,2021,출하액,백만원,1918971.0,
전국,광업 및 제조업,,2021,주요생산비,백만원,1141006704.0,
전국,광업,05~08,2021,주요생산비,백만원,983705.0,
전국,제조업,10~34,2021,주요생산비,백만원,1140022999.0,
서울특별시,광업 및 제조업,,2021,주요생산비,백만원,17619665.0,
서울특별시,광업,05~08,2021,주요생산비,백만원,,X
서울특별시,제조업,10~34,2021,주요생산비,백만원,17619049.0,
부산광역시,광업 및 제조업,,2021,주요생산비,백만원,31258984.0,
부산광역시,광업,05~08,2021,주요생산비,백만원,,X
부산광역시,제조업,10~34,2021,주요생산비,백만원,31257448.0,
대구광역시,광업 및 제조업,,2021,주요생산비,백만원,21517198.0,
대구광역시,광업,05~08,2021,주요생산비,백만원,,X
대구광역시,제조업,10~34,2021,주요생산비,백만원,21516781.0,
인천광역시,광업 및 제조업,,2021,주요생산비,백만원,52949815.0,
인천광역시,광업,05~08,2021,주요생산비,백만원,62376.0,
인천광역시,제조업,10~34,2021,주요생산비,백만원,52887439.0,
광주광역시,광업 및 제조업,,2021,주요생산비,백만원,26078802.0,
광주광역시,광업,05~08,2021,주요생산비,백만원,,X
광주광역시,제조업,10~34,2021,주요생산비,백만원,26078754.0,
대전광역시,광업 및 제조업,,2021,주요생산비,백만원,10814223.0,
대전광역시,광업,05~08,2021,주요생산비,백만원,0.0,-
대전광역시,제조업,10~34,2021,주요생산비,백만원,10814223.0,
울산광역시,광업 및 제조업,,2021,주요생산비,백만원,165868405.0,
울산광역시,광업,05~08,2021,주요생산비,백만원,57967.0,
울산광역시,제조업,10~34,2021,주요생산비,백만원,165810438.0,
세종특별자치시,광업 및 제조업,,2021,주요생산비,백만원,5657445.0,
세종특별자치시,광업,05~08,2021,주요생산비,백만원,16695.0,
세종특별자치시,제조업,10~34,2021,주요생산비,백만원,5640750.0,
경기도,광업 및 제조업,,2021,주요생산비,백만원,259751621.0,
경기도,광업,05~08,2021,주요생산비,백만원,238545.0,
경기도,제조업,10~34,2021,주요생산비,백만원,259513076.0,
강원특별자치도,광업 및 제조업,,2021,주요생산비,백만원,9116278.0,
강원특별자치도,광업,05~08,2021,주요생산비,백만원,231070.0,
강원특별자치도,제조업,10~34,2021,주요생산비,백만원,8885208.0,
충청북도,광업 및 제조업,,2021,주요생산비,백만원,68773793.0,
충청북도,광업,05~08,2021,주요생산비,백만원,80663.0,
충청북도,제조업,10~34,2021,주요생산비,백만원,68693130.0,
충청남도,광업 및 제조업,,2021,주요생산비,백만원,151986662.0,
충청남도,광업,05~08,2021,주요생산비,백만원,68579.0,
충청남도,제조업,10~34,2021,주요생산비,백만원,151918083.0,
전라북도,광업 및 제조업,,2021,주요생산비,백만원,31901370.0,
전라북도,광업,05~08,2021,주요생산비,백만원,40906.0,
전라북도,제조업,10~34,2021,주요생산비,백만원,31860464.0,
전라남도,광업 및 제조업,,2021,주요생산비,백만원,91720022.0,
전라남도,광업,05~08,2021,주요생산비,백만원,68551.0,
전라남도,제조업,10~34,2021,주요생산비,백만원,91651471.0,
경상북도,광업 및 제조업,,2021,주요생산비,백만원,104811209.0,
경상북도,광업,05~08,2021,주요생산비,백만원,64570.0,
경상북도,제조업,10~34,2021,주요생산비,백만원,104746639.0,
경상남도,광업 및 제조업,,2021,주요생산비,백만원,90101492.0,
경상남도,광업,05~08,2021,주요생산비,백만원,39440.0,
경상남도,제조업,10~34,2021,주요생산비,백만원,90062052.0,
제주특별자치도,광업 및 제조업,,2021,주요생산비,백만원,1079720.0,
제주특별자치도,광업,05~08,2021,주요생산비,백만원,11726.0,
제주특별자치도,제조업,10~34,2021,주요생산비,백만원,1067994.0,
전국,광업 및 제조업,,2021,부가가치,백만원,643654733.0,
전국,광업,05~08,2021,부가가치,백만원,2394285.0,
전국,제조업,10~34,2021,부가가치,백만원,641260448.0,
서울특별시,광업 및 제조업,,2021,부가가치,백만원,15931051.0,
서울특별시,광업,05~08,2021,부가가치,백만원,,X
서울특별시,제조업,10~34,2021,부가가치,백만원,15928551.0,
부산광역시,광업 및 제조업,,2021,부가가치,백만원,16107248.0,
부산광역시,광업,05~08,2021,부가가치,백만원,,X
부산광역시,제조업,10~34,2021,부가가치,백만원,16096200.0,
대구광역시,광업 및 제조업,,2021,부가가치,백만원,12026433.0,
대구광역시,광업,05~08,2021,부가가치,백만원,,X
대구광역시,제조업,10~34,2021,부가가치,백만원,12025108.0,
인천광역시,광업 및 제조업,,2021,부가가치,백만원,25105891.0,
인천광역시,광업,05~08,2021,부가가치,백만원,112325.0,
인천광역시,제조업,10~34,2021,부가가치,백만원,24993566.0,
광주광역시,광업 및 제조업,,2021,부가가치,백만원,12781640.0,
광주광역시,광업,05~08,2021,부가가치,백만원,,X
광주광역시,제조업,10~34,2021,부가가치,백만원,12780418.0,
대전광역시,광업 및 제조업,,2021,부가가치,백만원,9413209.0,
대전광역시,광업,05~08,2021,부가가치,백만원,0.0,-
대전광역시,제조업,10~34,2021,부가가치,백만원,9413209.0,
울산광역시,광업 및 제조업,,2021,부가가치,백만원,43886734.0,
울산광역시,광업,05~08,2021,부가가치,백만원,52186.0,
울산광역시,제조업,10~34,2021,부가가치,백만원,43834548.0,
세종특별자치시,광업 및 제조업,,2021,부가가치,백만원,3785495.0,
세종특별자치시,광업,05~08,2021,부가가치,백만원,15023.0,
세종특별자치시,제조업,10~34,2021,부가가치,백만원,3770472.0,
경기도,광업 및 제조업,,2021,부가가치,백만원,233576935.0,
경기도,광업,05~08,2021,부가가치,백만원,411597.0,
경기도,제조업,10~34,2021,부가가치,백만원,233165338.0,
강원특별자치도,광업 및 제조업,,2021,부가가치,백만원,7123283.0,
강원특별자치도,광업,05~08,2021,부가가치,백만원,762176.0,
강원특별자치도,제조업,10~34,2021,부가가치,백만원,6361107.0,
충청북도,광업 및 제조업,,2021,부가가치,백만원,44797773.0,
충청북도,광업,05~08,2021,부가가치,백만원,215544.0,
충청북도,제조업,10~34,2021,부가가치,백만원,44582229.0,
충청남도,광업 및 제조업,,2021,부가가치,백만원,72353253.0,
충청남도,광업,05~08,2021,부가가치,백만원,166241.0,
충청남도,제조업,10~34,2021,부가가치,백만원,72187012.0,
전라북도,광업 및 제조업,,2021,부가가치,백만원,14602794.0,
전라북도,광업,05~08,2021,부가가치,백만원,156488.0,
전라북도,제조업,10~34,2021,부가가치,백만원,14446306.0,
전라남도,광업 및 제조업,,2021,부가가치,백만원,34499341.0,
전라남도,광업,05~08,2021,부가가치,백만원,159032.0,
전라남도,제조업,10~34,2021,부가가치,백만원,34340309.0,
경상북도,광업 및 제조업,,2021,부가가치,백만원,53657052.0,
경상북도,광업,05~08,2021,부가가치,백만원,177104.0,
경상북도,제조업,10~34,2021,부가가치,백만원,53479948.0,
경상남도,광업 및 제조업,,2021,부가가치,백만원,43106944.0,
경상남도,광업,05~08,2021,부가가치,백만원,122934.0,
경상남도,제조업,10~34,2021,부가가치,백만원,42984010.0,
제주특별자치도,광업 및 제조업,,2021,부가가치,백만원,899657.0,
제주특별자치도,광업,05~08,2021,부가가치,백만원,27540.0,
제주특별자치도,제조업,10~34,2021,부가가치,백만원,872117.0,
전국,광업 및 제조업,,2021,유형자산 연말잔액,백만원,698757933.0,
전국,광업,05~08,2021,유형자산 연말잔액,백만원,3043425.0,
전국,제조업,10~34,2021,유형자산 연말잔액,백만원,695714508.0,
서울특별시,광업 및 제조업,,2021,유형자산 연말잔액,백만원,9232147.0,
서울특별시,광업,05~08,2021,유형자산 연말잔액,백만원,,X
서울특별시,제조업,10~34,2021,유형자산 연말잔액,백만원,9231497.0,
부산광역시,광업 및 제조업,,2021,유형자산 연말잔액,백만원,24408756.0,
부산광역시,광업,05~08,2021,유형자산 연말잔액,백만원,,X
부산광역시,제조업,10~34,2021,유형자산 연말잔액,백만원,24401978.0,
대구광역시,광업 및 제조업,,2021,유형자산 연말잔액,백만원,16091526.0,
대구광역시,광업,05~08,2021,유형자산 연말잔액,백만원,,X
대구광역시,제조업,10~34,2021,유형자산 연말잔액,백만원,16089071.0,
인천광역시,광업 및 제조업,,2021,유형자산 연말잔액,백만원,37447132.0,
인천광역시,광업,05~08,2021,유형자산 연말잔액,백만원,143117.0,
인천광역시,제조업,10~34,2021,유형자산 연말잔액,백만원,37304015.0,
광주광역시,광업 및 제조업,,2021,유형자산 연말잔액,백만원,10921254.0,
광주광역시,광업,05~08,2021,유형자산 연말잔액,백만원,,X
광주광역시,제조업,10~34,2021,유형자산 연말잔액,백만원,10910287.0,
대전광역시,광업 및 제조업,,2021,유형자산 연말잔액,백만원,7143437.0,
대전광역시,광업,05~08,2021,유형자산 연말잔액,백만원,0.0,-
대전광역시,제조업,10~34,2021,유형자산 연말잔액,백만원,7143437.0,
울산광역시,광업 및 제조업,,2021,유형자산 연말잔액,백만원,57096474.0,
울산광역시,광업,05~08,2021,유형자산 연말잔액,백만원,74561.0,
울산광역시,제조업,10~34,2021,유형자산 연말잔액,백만원,57021913.0,
세종특별자치시,광업 및 제조업,,2021,유형자산 연말잔액,백만원,4043668.0,
세종특별자치시,광업,05~08,2021,유형자산 연말잔액,백만원,9994.0,
세종특별자치시,제조업,10~34,2021,유형자산 연말잔액,백만원,4033674.0,
경기도,광업 및 제조업,,2021,유형자산 연말잔액,백만원,223115863.0,
경기도,광업,05~08,2021,유형자산 연말잔액,백만원,700097.0,
경기도,제조업,10~34,2021,유형자산 연말잔액,백만원,222415766.0,
강원특별자치도,광업 및 제조업,,2021,유형자산 연말잔액,백만원,9327493.0,
강원특별자치도,광업,05~08,2021,유형자산 연말잔액,백만원,1157923.0,
강원특별자치도,제조업,10~34,2021,유형자산 연말잔액,백만원,8169570.0,
충청북도,광업 및 제조업,,2021,유형자산 연말잔액,백만원,42729246.0,
충청북도,광업,05~08,2021,유형자산 연말잔액,백만원,178196.0,
충청북도,제조업,10~34,2021,유형자산 연말잔액,백만원,42551050.0,
충청남도,광업 및 제조업,,2021,유형자산 연말잔액,백만원,83277018.0,
충청남도,광업,05~08,2021,유형자산 연말잔액,백만원,161336.0,
충청남도,제조업,10~34,2021,유형자산 연말잔액,백만원,83115682.0,
전라북도,광업 및 제조업,,2021,유형자산 연말잔액,백만원,16713134.0,
전라북도,광업,05~08,2021,유형자산 연말잔액,백만원,75805.0,
전라북도,제조업,10~34,2021,유형자산 연말잔액,백만원,16637329.0,
전라남도,광업 및 제조업,,2021,유형자산 연말잔액,백만원,41788744.0,
전라남도,광업,05~08,2021,유형자산 연말잔액,백만원,205749.0,
전라남도,제조업,10~34,2021,유형자산 연말잔액,백만원,41582995.0,
경상북도,광업 및 제조업,,2021,유형자산 연말잔액,백만원,49963413.0,
경상북도,광업,05~08,2021,유형자산 연말잔액,백만원,134030.0,
경상북도,제조업,10~34,2021,유형자산 연말잔액,백만원,49829383.0,
경상남도,광업 및 제조업,,2021,유형자산 연말잔액,백만원,64282694.0,
경상남도,광업,05~08,2021,유형자산 연말잔액,백만원,158795.0,
경상남도,제조업,10~34,2021,유형자산 연말잔액,백만원,64123899.0,
제주특별자치도,광업 및 제조업,,2021,유형자산 연말잔액,백만원,1175934.0,
제주특별자치도,광업,05~08,2021,유형자산 연말잔액,백만원,22972.0,
제주특별자치도,제조업,10~34,2021,유형자산 연말잔액,백만원,1152962.0,
전국,광업 및 제조업,,2022,사업체수,개,73592.0,
전국,광업,05~08,2022,사업체수,개,332.0,
전국,제조업,10~34,2022,사업체수,개,73260.0,
서울특별시,광업 및 제조업,,2022,사업체수,개,4000.0,
서울특별시,광업,05~08,2022,사업체수,개,0.0,-
서울특별시,제조업,10~34,2022,사업체수,개,4000.0,
부산광역시,광업 및 제조업,,2022,사업체수,개,4237.0,
부산광역시,광업,05~08,2022,사업체수,개,1.0,
부산광역시,제조업,10~34,2022,사업체수,개,4236.0,
대구광역시,광업 및 제조업,,2022,사업체수,개,3208.0,
대구광역시,광업,05~08,2022,사업체수,개,1.0,
대구광역시,제조업,10~34,2022,사업체수,개,3207.0,
인천광역시,광업 및 제조업,,2022,사업체수,개,4819.0,
인천광역시,광업,05~08,2022,사업체수,개,16.0,
인천광역시,제조업,10~34,2022,사업체수,개,4803.0,
광주광역시,광업 및 제조업,,2022,사업체수,개,1316.0,
광주광역시,광업,05~08,2022,사업체수,개,0.0,-
광주광역시,제조업,10~34,2022,사업체수,개,1316.0,
대전광역시,광업 및 제조업,,2022,사업체수,개,1014.0,
대전광역시,광업,05~08,2022,사업체수,개,1.0,
대전광역시,제조업,10~34,2022,사업체수,개,1013.0,
울산광역시,광업 및 제조업,,2022,사업체수,개,1832.0,
울산광역시,광업,05~08,2022,사업체수,개,9.0,
울산광역시,제조업,10~34,2022,사업체수,개,1823.0,
세종특별자치시,광업 및 제조업,,2022,사업체수,개,345.0,
세종특별자치시,광업,05~08,2022,사업체수,개,5.0,
세종특별자치시,제조업,10~34,2022,사업체수,개,340.0,
경기도,광업 및 제조업,,2022,사업체수,개,26127.0,
경기도,광업,05~08,2022,사업체수,개,43.0,
경기도,제조업,10~34,2022,사업체수,개,26084.0,
강원특별자치도,광업 및 제조업,,2022,사업체수,개,1167.0,
강원특별자치도,광업,05~08,2022,사업체수,개,71.0,
강원특별자치도,제조업,10~34,2022,사업체수,개,1096.0,
충청북도,광업 및 제조업,,2022,사업체수,개,3649.0,
충청북도,광업,05~08,2022,사업체수,개,37.0,
충청북도,제조업,10~34,2022,사업체수,개,3612.0,
충청남도,광업 및 제조업,,2022,사업체수,개,4761.0,
충청남도,광업,05~08,2022,사업체수,개,27.0,
충청남도,제조업,10~34,2022,사업체수,개,4734.0,
전라북도,광업 및 제조업,,2022,사업체수,개,1932.0,
전라북도,광업,05~08,2022,사업체수,개,29.0,
전라북도,제조업,10~34,2022,사업체수,개,1903.0,
전라남도,광업 및 제조업,,2022,사업체수,개,2098.0,
전라남도,광업,05~08,2022,사업체수,개,29.0,
전라남도,제조업,10~34,2022,사업체수,개,2069.0,
경상북도,광업 및 제조업,,2022,사업체수,개,5452.0,
경상북도,광업,05~08,2022,사업체수,개,38.0,
경상북도,제조업,10~34,2022,사업체수,개,5414.0,
경상남도,광업 및 제조업,,2022,사업체수,개,7396.0,
경상남도,광업,05~08,2022,사업체수,개,19.0,
경상남도,제조업,10~34,2022,사업체수,개,7377.0,
제주특별자치도,광업 및 제조업,,2022,사업체수,개,239.0,
제주특별자치도,광업,05~08,2022,사업체수,개,6.0,
제주특별자치도,제조업,10~34,2022,사업체수,개,233.0,
전국,광업 및 제조업,,2022,종사자수,명,2991569.0,
전국,광업,05~08,2022,종사자수,명,9805.0,
전국,제조업,10~34,2022,종사자수,명,2981764.0,
서울특별시,광업 및 제조업,,2022,종사자수,명,95697.0,
서울특별시,광업,05~08,2022,종사자수,명,0.0,-
서울특별시,제조업,10~34,2022,종사자수,명,95697.0,
부산광역시,광업 및 제조업,,2022,종사자수,명,131337.0,
부산광역시,광업,05~08,2022,종사자수,명,,X
부산광역시,제조업,10~34,2022,종사자수,명,131325.0,
대구광역시,광업 및 제조업,,2022,종사자수,명,102217.0,
대구광역시,광업,05~08,2022,종사자수,명,,X
대구광역시,제조업,10~34,2022,종사자수,명,102207.0,
인천광역시,광업 및 제조업,,2022,종사자수,명,176251.0,
인천광역시,광업,05~08,2022,종사자수,명,443.0,
인천광역시,제조업,10~34,2022,종사자수,명,175808.0,
광주광역시,광업 및 제조업,,2022,종사자수,명,64980.0,
광주광역시,광업,05~08,2022,종사자수,명,0.0,-
광주광역시,제조업,10~34,2022,종사자수,명,64980.0,
대전광역시,광업 및 제조업,,2022,종사자수,명,45335.0,
대전광역시,광업,05~08,2022,종사자수,명,,X
대전광역시,제조업,10~34,2022,종사자수,명,45325.0,
울산광역시,광업 및 제조업,,2022,종사자수,명,158352.0,
울산광역시,광업,05~08,2022,종사자수,명,243.0,
울산광역시,제조업,10~34,2022,종사자수,명,158109.0,
세종특별자치시,광업 및 제조업,,2022,종사자수,명,19472.0,
세종특별자치시,광업,05~08,2022,종사자수,명,125.0,
세종특별자치시,제조업,10~34,2022,종사자수,명,19347.0,
경기도,광업 및 제조업,,2022,종사자수,명,947780.0,
경기도,광업,05~08,2022,종사자수,명,1317.0,
경기도,제조업,10~34,2022,종사자수,명,946463.0,
강원특별자치도,광업 및 제조업,,2022,종사자수,명,45188.0,
강원특별자치도,광업,05~08,2022,종사자수,명,3313.0,
강원특별자치도,제조업,10~34,2022,종사자수,명,41875.0,
충청북도,광업 및 제조업,,2022,종사자수,명,194927.0,
충청북도,광업,05~08,2022,종사자수,명,873.0,
충청북도,제조업,10~34,2022,종사자수,명,194054.0,
충청남도,광업 및 제조업,,2022,종사자수,명,264469.0,
충청남도,광업,05~08,2022,종사자수,명,616.0,
충청남도,제조업,10~34,2022,종사자수,명,263853.0,
전라북도,광업 및 제조업,,2022,종사자수,명,89833.0,
전라북도,광업,05~08,2022,종사자수,명,528.0,
전라북도,제조업,10~34,2022,종사자수,명,89305.0,
전라남도,광업 및 제조업,,2022,종사자수,명,98525.0,
전라남도,광업,05~08,2022,종사자수,명,848.0,
전라남도,제조업,10~34,2022,종사자수,명,97677.0,
경상북도,광업 및 제조업,,2022,종사자수,명,240970.0,
경상북도,광업,05~08,2022,종사자수,명,839.0,
경상북도,제조업,10~34,2022,종사자수,명,240131.0,
경상남도,광업 및 제조업,,2022,종사자수,명,310190.0,
경상남도,광업,05~08,2022,종사자수,명,487.0,
경상남도,제조업,10~34,2022,종사자수,명,309703.0,
제주특별자치도,광업 및 제조업,,2022,종사자수,명,6046.0,
제주특별자치도,광업,05~08,2022,종사자수,명,141.0,
제주특별자치도,제조업,10~34,2022,종사자수,명,5905.0,
전국,광업 및 제조업,,2022,급여액,백만원,155632990.0,
전국,광업,05~08,2022,급여액,백만원,496405.0,
전국,제조업,10~34,2022,급여액,백만원,155136585.0,
서울특별시,광업 및 제조업,,2022,급여액,백만원,3754528.0,
서울특별시,광업,05~08,2022,급여액,백만원,0.0,-
서울특별시,제조업,10~34,2022,급여액,백만원,3754528.0,
부산광역시,광업 및 제조업,,2022,급여액,백만원,5957052.0,
부산광역시,광업,05~08,2022,급여액,백만원,,X
부산광역시,제조업,10~34,2022,급여액,백만원,5956228.0,
대구광역시,광업 및 제조업,,2022,급여액,백만원,4436517.0,
대구광역시,광업,05~08,2022,급여액,백만원,,X
대구광역시,제조업,10~34,2022,급여액,백만원,4435902.0,
인천광역시,광업 및 제조업,,2022,급여액,백만원,8542103.0,
인천광역시,광업,05~08,2022,급여액,백만원,23730.0,
인천광역시,제조업,10~34,2022,급여액,백만원,8518373.0,
광주광역시,광업 및 제조업,,2022,급여액,백만원,3308703.0,
광주광역시,광업,05~08,2022,급여액,백만원,0.0,-
광주광역시,제조업,10~34,2022,급여액,백만원,3308703.0,
대전광역시,광업 및 제조업,,2022,급여액,백만원,2233529.0,
대전광역시,광업,05~08,2022,급여액,백만원,,X
대전광역시,제조업,10~34,2022,급여액,백만원,2233254.0,
울산광역시,광업 및 제조업,,2022,급여액,백만원,10310172.0,
울산광역시,광업,05~08,2022,급여액,백만원,15409.0,
울산광역시,제조업,10~34,2022,급여액,백만원,10294763.0,
세종특별자치시,광업 및 제조업,,2022,급여액,백만원,1051373.0,
세종특별자치시,광업,05~08,2022,급여액,백만원,5065.0,
세종특별자치시,제조업,10~34,2022,급여액,백만원,1046308.0,
경기도,광업 및 제조업,,2022,급여액,백만원,49342057.0,
경기도,광업,05~08,2022,급여액,백만원,69627.0,
경기도,제조업,10~34,2022,급여액,백만원,49272430.0,
강원특별자치도,광업 및 제조업,,2022,급여액,백만원,1907799.0,
강원특별자치도,광업,05~08,2022,급여액,백만원,180475.0,
강원특별자치도,제조업,10~34,2022,급여액,백만원,1727324.0,
충청북도,광업 및 제조업,,2022,급여액,백만원,9923305.0,
충청북도,광업,05~08,2022,급여액,백만원,39962.0,
충청북도,제조업,10~34,2022,급여액,백만원,9883343.0,
충청남도,광업 및 제조업,,2022,급여액,백만원,15741359.0,
충청남도,광업,05~08,2022,급여액,백만원,33230.0,
충청남도,제조업,10~34,2022,급여액,백만원,15708129.0,
전라북도,광업 및 제조업,,2022,급여액,백만원,4410601.0,
전라북도,광업,05~08,2022,급여액,백만원,23924.0,
전라북도,제조업,10~34,2022,급여액,백만원,4386677.0,
전라남도,광업 및 제조업,,2022,급여액,백만원,5327513.0,
전라남도,광업,05~08,2022,급여액,백만원,34061.0,
전라남도,제조업,10~34,2022,급여액,백만원,5293452.0,
경상북도,광업 및 제조업,,2022,급여액,백만원,13504237.0,
경상북도,광업,05~08,2022,급여액,백만원,39366.0,
경상북도,제조업,10~34,2022,급여액,백만원,13464871.0,
경상남도,광업 및 제조업,,2022,급여액,백만원,15624923.0,
경상남도,광업,05~08,2022,급여액,백만원,22669.0,
경상남도,제조업,10~34,2022,급여액,백만원,15602254.0,
제주특별자치도,광업 및 제조업,,2022,급여액,백만원,257219.0,
제주특별자치도,광업,05~08,2022,급여액,백만원,7173.0,
제주특별자치도,제조업,10~34,2022,급여액,백만원,250046.0,
전국,광업 및 제조업,,2022,출하액,백만원,2043859462.0,
전국,광업,05~08,2022,출하액,백만원,3527146.0,
전국,제조업,10~34,2022,출하액,백만원,2040332316.0,
서울특별시,광업 및 제조업,,2022,출하액,백만원,34996259.0,
서울특별시,광업,05~08,2022,출하액,백만원,0.0,-
서울특별시,제조업,10~34,2022,출하액,백만원,34996259.0,
부산광역시,광업 및 제조업,,2022,출하액,백만원,54456372.0,
부산광역시,광업,05~08,2022,출하액,백만원,,X
부산광역시,제조업,10~34,2022,출하액,백만원,54451885.0,
대구광역시,광업 및 제조업,,2022,출하액,백만원,39177403.0,
대구광역시,광업,05~08,2022,출하액,백만원,,X
대구광역시,제조업,10~34,2022,출하액,백만원,39175493.0,
인천광역시,광업 및 제조업,,2022,출하액,백만원,93215006.0,
인천광역시,광업,05~08,2022,출하액,백만원,171549.0,
인천광역시,제조업,10~34,2022,출하액,백만원,93043457.0,
광주광역시,광업 및 제조업,,2022,출하액,백만원,43057191.0,
광주광역시,광업,05~08,2022,출하액,백만원,0.0,-
광주광역시,제조업,10~34,2022,출하액,백만원,43057191.0,
대전광역시,광업 및 제조업,,2022,출하액,백만원,21760440.0,
대전광역시,광업,05~08,2022,출하액,백만원,,X
대전광역시,제조업,10~34,2022,출하액,백만원,21759638.0,
울산광역시,광업 및 제조업,,2022,출하액,백만원,275827189.0,
울산광역시,광업,05~08,2022,출하액,백만원,124675.0,
울산광역시,제조업,10~34,2022,출하액,백만원,275702514.0,
세종특별자치시,광업 및 제조업,,2022,출하액,백만원,10765590.0,
세종특별자치시,광업,05~08,2022,출하액,백만원,43668.0,
세종특별자치시,제조업,10~34,2022,출하액,백만원,10721922.0,
경기도,광업 및 제조업,,2022,출하액,백만원,520389001.0,
경기도,광업,05~08,2022,출하액,백만원,744861.0,
경기도,제조업,10~34,2022,출하액,백만원,519644140.0,
강원특별자치도,광업 및 제조업,,2022,출하액,백만원,18452756.0,
강원특별자치도,광업,05~08,2022,출하액,백만원,1064504.0,
강원특별자치도,제조업,10~34,2022,출하액,백만원,17388252.0,
충청북도,광업 및 제조업,,2022,출하액,백만원,128366127.0,
충청북도,광업,05~08,2022,출하액,백만원,310192.0,
충청북도,제조업,10~34,2022,출하액,백만원,128055935.0,
충청남도,광업 및 제조업,,2022,출하액,백만원,268267499.0,
충청남도,광업,05~08,2022,출하액,백만원,246584.0,
충청남도,제조업,10~34,2022,출하액,백만원,268020915.0,
전라북도,광업 및 제조업,,2022,출하액,백만원,51332618.0,
전라북도,광업,05~08,2022,출하액,백만원,193513.0,
전라북도,제조업,10~34,2022,출하액,백만원,51139105.0,
전라남도,광업 및 제조업,,2022,출하액,백만원,160356450.0,
전라남도,광업,05~08,2022,출하액,백만원,218694.0,
전라남도,제조업,10~34,2022,출하액,백만원,160137756.0,
경상북도,광업 및 제조업,,2022,출하액,백만원,168527748.0,
경상북도,광업,05~08,2022,출하액,백만원,221223.0,
경상북도,제조업,10~34,2022,출하액,백만원,168306525.0,
경상남도,광업 및 제조업,,2022,출하액,백만원,152702110.0,
경상남도,광업,05~08,2022,출하액,백만원,135965.0,
경상남도,제조업,10~34,2022,출하액,백만원,152566145.0,
제주특별자치도,광업 및 제조업,,2022,출하액,백만원,2209703.0,
제주특별자치도,광업,05~08,2022,출하액,백만원,44519.0,
제주특별자치도,제조업,10~34,2022,출하액,백만원,2165184.0,
전국,광업 및 제조업,,2022,주요생산비,백만원,1352646495.0,
전국,광업,05~08,2022,주요생산비,백만원,1141491.0,
전국,제조업,10~34,2022,주요생산비,백만원,1351505004.0,
서울특별시,광업 및 제조업,,2022,주요생산비,백만원,18531003.0,
서울특별시,광업,05~08,2022,주요생산비,백만원,0.0,-
서울특별시,제조업,10~34,2022,주요생산비,백만원,18531003.0,
부산광역시,광업 및 제조업,,2022,주요생산비,백만원,36058150.0,
부산광역시,광업,05~08,2022,주요생산비,백만원,,X
부산광역시,제조업,10~34,2022,주요생산비,백만원,36057102.0,
대구광역시,광업 및 제조업,,2022,주요생산비,백만원,26047743.0,
대구광역시,광업,05~08,2022,주요생산비,백만원,,X
대구광역시,제조업,10~34,2022,주요생산비,백만원,26047229.0,
인천광역시,광업 및 제조업,,2022,주요생산비,백만원,62714975.0,
인천광역시,광업,05~08,2022,주요생산비,백만원,63778.0,
인천광역시,제조업,10~34,2022,주요생산비,백만원,62651197.0,
광주광역시,광업 및 제조업,,2022,주요생산비,백만원,28885952.0,
광주광역시,광업,05~08,2022,주요생산비,백만원,0.0,-
광주광역시,제조업,10~34,2022,주요생산비,백만원,28885952.0,
대전광역시,광업 및 제조업,,2022,주요생산비,백만원,12355835.0,
대전광역시,광업,05~08,2022,주요생산비,백만원,,X
대전광역시,제조업,10~34,2022,주요생산비,백만원,12355631.0,
울산광역시,광업 및 제조업,,2022,주요생산비,백만원,208021794.0,
울산광역시,광업,05~08,2022,주요생산비,백만원,60174.0,
울산광역시,제조업,10~34,2022,주요생산비,백만원,207961620.0,
세종특별자치시,광업 및 제조업,,2022,주요생산비,백만원,6529843.0,
세종특별자치시,광업,05~08,2022,주요생산비,백만원,18731.0,
세종특별자치시,제조업,10~34,2022,주요생산비,백만원,6511112.0,
경기도,광업 및 제조업,,2022,주요생산비,백만원,292071890.0,
경기도,광업,05~08,2022,주요생산비,백만원,304398.0,
경기도,제조업,10~34,2022,주요생산비,백만원,291767492.0,
강원특별자치도,광업 및 제조업,,2022,주요생산비,백만원,10648581.0,
강원특별자치도,광업,05~08,2022,주요생산비,백만원,298339.0,
강원특별자치도,제조업,10~34,2022,주요생산비,백만원,10350242.0,
충청북도,광업 및 제조업,,2022,주요생산비,백만원,82304096.0,
충청북도,광업,05~08,2022,주요생산비,백만원,78678.0,
충청북도,제조업,10~34,2022,주요생산비,백만원,82225418.0,
충청남도,광업 및 제조업,,2022,주요생산비,백만원,184428953.0,
충청남도,광업,05~08,2022,주요생산비,백만원,79291.0,
충청남도,제조업,10~34,2022,주요생산비,백만원,184349662.0,
전라북도,광업 및 제조업,,2022,주요생산비,백만원,36022582.0,
전라북도,광업,05~08,2022,주요생산비,백만원,39723.0,
전라북도,제조업,10~34,2022,주요생산비,백만원,35982859.0,
전라남도,광업 및 제조업,,2022,주요생산비,백만원,116360520.0,
전라남도,광업,05~08,2022,주요생산비,백만원,84335.0,
전라남도,제조업,10~34,2022,주요생산비,백만원,116276185.0,
경상북도,광업 및 제조업,,2022,주요생산비,백만원,121798354.0,
경상북도,광업,05~08,2022,주요생산비,백만원,59624.0,
경상북도,제조업,10~34,2022,주요생산비,백만원,121738730.0,
경상남도,광업 및 제조업,,2022,주요생산비,백만원,108637122.0,
경상남도,광업,05~08,2022,주요생산비,백만원,39405.0,
경상남도,제조업,10~34,2022,주요생산비,백만원,108597717.0,
제주특별자치도,광업 및 제조업,,2022,주요생산비,백만원,1229102.0,
제주특별자치도,광업,05~08,2022,주요생산비,백만원,13249.0,
제주특별자치도,제조업,10~34,2022,주요생산비,백만원,1215853.0,
전국,광업 및 제조업,,2022,부가가치,백만원,724689070.0,
전국,광업,05~08,2022,부가가치,백만원,2415975.0,
전국,제조업,10~34,2022,부가가치,백만원,722273095.0,
서울특별시,광업 및 제조업,,2022,부가가치,백만원,16988348.0,
서울특별시,광업,05~08,2022,부가가치,백만원,0.0,-
서울특별시,제조업,10~34,2022,부가가치,백만원,16988348.0,
부산광역시,광업 및 제조업,,2022,부가가치,백만원,18905641.0,
부산광역시,광업,05~08,2022,부가가치,백만원,,X
부산광역시,제조업,10~34,2022,부가가치,백만원,18902084.0,
대구광역시,광업 및 제조업,,2022,부가가치,백만원,13976034.0,
대구광역시,광업,05~08,2022,부가가치,백만원,,X
대구광역시,제조업,10~34,2022,부가가치,백만원,13974695.0,
인천광역시,광업 및 제조업,,2022,부가가치,백만원,31266901.0,
인천광역시,광업,05~08,2022,부가가치,백만원,110901.0,
인천광역시,제조업,10~34,2022,부가가치,백만원,31156000.0,
광주광역시,광업 및 제조업,,2022,부가가치,백만원,14908521.0,
광주광역시,광업,05~08,2022,부가가치,백만원,0.0,-
광주광역시,제조업,10~34,2022,부가가치,백만원,14908521.0,
대전광역시,광업 및 제조업,,2022,부가가치,백만원,9966934.0,
대전광역시,광업,05~08,2022,부가가치,백만원,,X
대전광역시,제조업,10~34,2022,부가가치,백만원,9966336.0,
울산광역시,광업 및 제조업,,2022,부가가치,백만원,69942762.0,
울산광역시,광업,05~08,2022,부가가치,백만원,64959.0,
울산광역시,제조업,10~34,2022,부가가치,백만원,69877803.0,
세종특별자치시,광업 및 제조업,,2022,부가가치,백만원,4355372.0,
세종특별자치시,광업,05~08,2022,부가가치,백만원,24983.0,
세종특별자치시,제조업,10~34,2022,부가가치,백만원,4330389.0,
경기도,광업 및 제조업,,2022,부가가치,백만원,242882037.0,
경기도,광업,05~08,2022,부가가치,백만원,441923.0,
경기도,제조업,10~34,2022,부가가치,백만원,242440114.0,
강원특별자치도,광업 및 제조업,,2022,부가가치,백만원,7940328.0,
강원특별자치도,광업,05~08,2022,부가가치,백만원,777572.0,
강원특별자치도,제조업,10~34,2022,부가가치,백만원,7162756.0,
충청북도,광업 및 제조업,,2022,부가가치,백만원,48992134.0,
충청북도,광업,05~08,2022,부가가치,백만원,234410.0,
충청북도,제조업,10~34,2022,부가가치,백만원,48757724.0,
충청남도,광업 및 제조업,,2022,부가가치,백만원,85707460.0,
충청남도,광업,05~08,2022,부가가치,백만원,171220.0,
충청남도,제조업,10~34,2022,부가가치,백만원,85536240.0,
전라북도,광업 및 제조업,,2022,부가가치,백만원,15978972.0,
전라북도,광업,05~08,2022,부가가치,백만원,153831.0,
전라북도,제조업,10~34,2022,부가가치,백만원,15825141.0,
전라남도,광업 및 제조업,,2022,부가가치,백만원,45280864.0,
전라남도,광업,05~08,2022,부가가치,백만원,136244.0,
전라남도,제조업,10~34,2022,부가가치,백만원,45144620.0,
경상북도,광업 및 제조업,,2022,부가가치,백만원,50336548.0,
경상북도,광업,05~08,2022,부가가치,백만원,164603.0,
경상북도,제조업,10~34,2022,부가가치,백만원,50171945.0,
경상남도,광업 및 제조업,,2022,부가가치,백만원,46254810.0,
경상남도,광업,05~08,2022,부가가치,백만원,98449.0,
경상남도,제조업,10~34,2022,부가가치,백만원,46156361.0,
제주특별자치도,광업 및 제조업,,2022,부가가치,백만원,1005404.0,
제주특별자치도,광업,05~08,2022,부가가치,백만원,31386.0,
제주특별자치도,제조업,10~34,2022,부가가치,백만원,974018.0,
전국,광업 및 제조업,,2022,유형자산 연말잔액,백만원,718982326.0,
전국,광업,05~08,2022,유형자산 연말잔액,백만원,3162295.0,
전국,제조업,10~34,2022,유형자산 연말잔액,백만원,715820031.0,
서울특별시,광업 및 제조업,,2022,유형자산 연말잔액,백만원,9810847.0,
서울특별시,광업,05~08,2022,유형자산 연말잔액,백만원,0.0,-
서울특별시,제조업,10~34,2022,유형자산 연말잔액,백만원,9810847.0,
부산광역시,광업 및 제조업,,2022,유형자산 연말잔액,백만원,24680861.0,
부산광역시,광업,05~08,2022,유형자산 연말잔액,백만원,,X
부산광역시,제조업,10~34,2022,유형자산 연말잔액,백만원,24680604.0,
대구광역시,광업 및 제조업,,2022,유형자산 연말잔액,백만원,16572336.0,
대구광역시,광업,05~08,2022,유형자산 연말잔액,백만원,,X
대구광역시,제조업,10~34,2022,유형자산 연말잔액,백만원,16571003.0,
인천광역시,광업 및 제조업,,2022,유형자산 연말잔액,백만원,40571821.0,
인천광역시,광업,05~08,2022,유형자산 연말잔액,백만원,140215.0,
인천광역시,제조업,10~34,2022,유형자산 연말잔액,백만원,40431606.0,
광주광역시,광업 및 제조업,,2022,유형자산 연말잔액,백만원,11865956.0,
광주광역시,광업,05~08,2022,유형자산 연말잔액,백만원,0.0,-
광주광역시,제조업,10~34,2022,유형자산 연말잔액,백만원,11865956.0,
대전광역시,광업 및 제조업,,2022,유형자산 연말잔액,백만원,7813804.0,
대전광역시,광업,05~08,2022,유형자산 연말잔액,백만원,,X
대전광역시,제조업,10~34,2022,유형자산 연말잔액,백만원,7813312.0,
울산광역시,광업 및 제조업,,2022,유형자산 연말잔액,백만원,57063942.0,
울산광역시,광업,05~08,2022,유형자산 연말잔액,백만원,71151.0,
울산광역시,제조업,10~34,2022,유형자산 연말잔액,백만원,56992791.0,
세종특별자치시,광업 및 제조업,,2022,유형자산 연말잔액,백만원,4157152.0,
세종특별자치시,광업,05~08,2022,유형자산 연말잔액,백만원,11842.0,
세종특별자치시,제조업,10~34,2022,유형자산 연말잔액,백만원,4145310.0,
경기도,광업 및 제조업,,2022,유형자산 연말잔액,백만원,220937824.0,
경기도,광업,05~08,2022,유형자산 연말잔액,백만원,679571.0,
경기도,제조업,10~34,2022,유형자산 연말잔액,백만원,220258253.0,
강원특별자치도,광업 및 제조업,,2022,유형자산 연말잔액,백만원,9786627.0,
강원특별자치도,광업,05~08,2022,유형자산 연말잔액,백만원,1320400.0,
강원특별자치도,제조업,10~34,2022,유형자산 연말잔액,백만원,8466227.0,
충청북도,광업 및 제조업,,2022,유형자산 연말잔액,백만원,44831170.0,
충청북도,광업,05~08,2022,유형자산 연말잔액,백만원,150168.0,
충청북도,제조업,10~34,2022,유형자산 연말잔액,백만원,44681002.0,
충청남도,광업 및 제조업,,2022,유형자산 연말잔액,백만원,88882210.0,
충청남도,광업,05~08,2022,유형자산 연말잔액,백만원,169311.0,
충청남도,제조업,10~34,2022,유형자산 연말잔액,백만원,88712899.0,
전라북도,광업 및 제조업,,2022,유형자산 연말잔액,백만원,17817389.0,
전라북도,광업,05~08,2022,유형자산 연말잔액,백만원,73402.0,
전라북도,제조업,10~34,2022,유형자산 연말잔액,백만원,17743987.0,
전라남도,광업 및 제조업,,2022,유형자산 연말잔액,백만원,45290763.0,
전라남도,광업,05~08,2022,유형자산 연말잔액,백만원,185041.0,
전라남도,제조업,10~34,2022,유형자산 연말잔액,백만원,45105722.0,
경상북도,광업 및 제조업,,2022,유형자산 연말잔액,백만원,51345994.0,
경상북도,광업,05~08,2022,유형자산 연말잔액,백만원,139288.0,
경상북도,제조업,10~34,2022,유형자산 연말잔액,백만원,51206706.0,
경상남도,광업 및 제조업,,2022,유형자산 연말잔액,백만원,66300470.0,
경상남도,광업,05~08,2022,유형자산 연말잔액,백만원,184360.0,
경상남도,제조업,10~34,2022,유형자산 연말잔액,백만원,66116110.0,
제주특별자치도,광업 및 제조업,,2022,유형자산 연말잔액,백만원,1253160.0,
제주특별자치도,광업,05~08,2022,유형자산 연말잔액,백만원,35464.0,
제주특별자치도,제조업,10~34,2022,유형자산 연말잔액,백만원,1217696.0,
전국,광업 및 제조업,,2023,사업체수,개,73382.0,
전국,광업,05~08,2023,사업체수,개,332.0,
전국,제조업,10~34,2023,사업체수,개,73050.0,
서울특별시,광업 및 제조업,,2023,사업체수,개,3854.0,
서울특별시,광업,05~08,2023,사업체수,개,1.0,
서울특별시,제조업,10~34,2023,사업체수,개,3853.0,
부산광역시,광업 및 제조업,,2023,사업체수,개,4240.0,
부산광역시,광업,05~08,2023,사업체수,개,1.0,
부산광역시,제조업,10~34,2023,사업체수,개,4239.0,
대구광역시,광업 및 제조업,,2023,사업체수,개,3162.0,
대구광역시,광업,05~08,2023,사업체수,개,2.0,
대구광역시,제조업,10~34,2023,사업체수,개,3160.0,
인천광역시,광업 및 제조업,,2023,사업체수,개,4744.0,
인천광역시,광업,05~08,2023,사업체수,개,16.0,
인천광역시,제조업,10~34,2023,사업체수,개,4728.0,
광주광역시,광업 및 제조업,,2023,사업체수,개,1275.0,
광주광역시,광업,05~08,2023,사업체수,개,0.0,-
광주광역시,제조업,10~34,2023,사업체수,개,1275.0,
대전광역시,광업 및 제조업,,2023,사업체수,개,1029.0,
대전광역시,광업,05~08,2023,사업체수,개,0.0,-
대전광역시,제조업,10~34,2023,사업체수,개,1029.0,
울산광역시,광업 및 제조업,,2023,사업체수,개,1825.0,
울산광역시,광업,05~08,2023,사업체수,개,6.0,
울산광역시,제조업,10~34,2023,사업체수,개,1819.0,
세종특별자치시,광업 및 제조업,,2023,사업체수,개,353.0,
세종특별자치시,광업,05~08,2023,사업체수,개,6.0,
세종특별자치시,제조업,10~34,2023,사업체수,개,347.0,
경기도,광업 및 제조업,,2023,사업체수,개,26013.0,
경기도,광업,05~08,2023,사업체수,개,43.0,
경기도,제조업,10~34,2023,사업체수,개,25970.0,
강원특별자치도,광업 및 제조업,,2023,사업체수,개,1183.0,
강원특별자치도,광업,05~08,2023,사업체수,개,70.0,
강원특별자치도,제조업,10~34,2023,사업체수,개,1113.0,
충청북도,광업 및 제조업,,2023,사업체수,개,3742.0,
충청북도,광업,05~08,2023,사업체수,개,39.0,
충청북도,제조업,10~34,2023,사업체수,개,3703.0,
충청남도,광업 및 제조업,,2023,사업체수,개,4786.0,
충청남도,광업,05~08,2023,사업체수,개,25.0,
충청남도,제조업,10~34,2023,사업체수,개,4761.0,
전라북도,광업 및 제조업,,2023,사업체수,개,1915.0,
전라북도,광업,05~08,2023,사업체수,개,27.0,
전라북도,제조업,10~34,2023,사업체수,개,1888.0,
전라남도,광업 및 제조업,,2023,사업체수,개,2096.0,
전라남도,광업,05~08,2023,사업체수,개,29.0,
전라남도,제조업,10~34,2023,사업체수,개,2067.0,
경상북도,광업 및 제조업,,2023,사업체수,개,5447.0,
경상북도,광업,05~08,2023,사업체수,개,39.0,
경상북도,제조업,10~34,2023,사업체수,개,5408.0,
경상남도,광업 및 제조업,,2023,사업체수,개,7481.0,
경상남도,광업,05~08,2023,사업체수,개,22.0,
경상남도,제조업,10~34,2023,사업체수,개,7459.0,
제주특별자치도,광업 및 제조업,,2023,사업체수,개,237.0,
제주특별자치도,광업,05~08,2023,사업체수,개,6.0,
제주특별자치도,제조업,10~34,2023,사업체수,개,231.0,
전국,광업 및 제조업,,2023,종사자수,명,2983665.0,
전국,광업,05~08,2023,종사자수,명,9350.0,
전국,제조업,10~34,2023,종사자수,명,2974315.0,
서울특별시,광업 및 제조업,,2023,종사자수,명,91581.0,
서울특별시,광업,05~08,2023,종사자수,명,,X
서울특별시,제조업,10~34,2023,종사자수,명,91571.0,
부산광역시,광업 및 제조업,,2023,종사자수,명,129428.0,
부산광역시,광업,05~08,2023,종사자수,명,,X
부산광역시,제조업,10~34,2023,종사자수,명,129418.0,
대구광역시,광업 및 제조업,,2023,종사자수,명,101391.0,
대구광역시,광업,05~08,2023,종사자수,명,,X
대구광역시,제조업,10~34,2023,종사자수,명,101318.0,
인천광역시,광업 및 제조업,,2023,종사자수,명,174964.0,
인천광역시,광업,05~08,2023,종사자수,명,420.0,
인천광역시,제조업,10~34,2023,종사자수,명,174544.0,
광주광역시,광업 및 제조업,,2023,종사자수,명,61281.0,
광주광역시,광업,05~08,2023,종사자수,명,0.0,-
광주광역시,제조업,10~34,2023,종사자수,명,61281.0,
대전광역시,광업 및 제조업,,2023,종사자수,명,44231.0,
대전광역시,광업,05~08,2023,종사자수,명,0.0,-
대전광역시,제조업,10~34,2023,종사자수,명,44231.0,
울산광역시,광업 및 제조업,,2023,종사자수,명,156918.0,
울산광역시,광업,05~08,2023,종사자수,명,109.0,
울산광역시,제조업,10~34,2023,종사자수,명,156809.0,
세종특별자치시,광업 및 제조업,,2023,종사자수,명,20018.0,
세종특별자치시,광업,05~08,2023,종사자수,명,167.0,
세종특별자치시,제조업,10~34,2023,종사자수,명,19851.0,
경기도,광업 및 제조업,,2023,종사자수,명,943465.0,
경기도,광업,05~08,2023,종사자수,명,1267.0,
경기도,제조업,10~34,2023,종사자수,명,942198.0,
강원특별자치도,광업 및 제조업,,2023,종사자수,명,44910.0,
강원특별자치도,광업,05~08,2023,종사자수,명,3107.0,
강원특별자치도,제조업,10~34,2023,종사자수,명,41803.0,
충청북도,광업 및 제조업,,2023,종사자수,명,196236.0,
충청북도,광업,05~08,2023,종사자수,명,892.0,
충청북도,제조업,10~34,2023,종사자수,명,195344.0,
충청남도,광업 및 제조업,,2023,종사자수,명,264566.0,
충청남도,광업,05~08,2023,종사자수,명,592.0,
충청남도,제조업,10~34,2023,종사자수,명,263974.0,
전라북도,광업 및 제조업,,2023,종사자수,명,88795.0,
전라북도,광업,05~08,2023,종사자수,명,540.0,
전라북도,제조업,10~34,2023,종사자수,명,88255.0,
전라남도,광업 및 제조업,,2023,종사자수,명,101008.0,
전라남도,광업,05~08,2023,종사자수,명,838.0,
전라남도,제조업,10~34,2023,종사자수,명,100170.0,
경상북도,광업 및 제조업,,2023,종사자수,명,241620.0,
경상북도,광업,05~08,2023,종사자수,명,705.0,
경상북도,제조업,10~34,2023,종사자수,명,240915.0,
경상남도,광업 및 제조업,,2023,종사자수,명,317141.0,
경상남도,광업,05~08,2023,종사자수,명,482.0,
경상남도,제조업,10~34,2023,종사자수,명,316659.0,
제주특별자치도,광업 및 제조업,,2023,종사자수,명,6112.0,
제주특별자치도,광업,05~08,2023,종사자수,명,138.0,
제주특별자치도,제조업,10~34,2023,종사자수,명,5974.0,
전국,광업 및 제조업,,2023,급여액,백만원,160455197.0,
전국,광업,05~08,2023,급여액,백만원,512048.0,
전국,제조업,10~34,2023,급여액,백만원,159943149.0,
서울특별시,광업 및 제조업,,2023,급여액,백만원,3828174.0,
서울특별시,광업,05~08,2023,급여액,백만원,,X
서울특별시,제조업,10~34,2023,급여액,백만원,3827858.0,
부산광역시,광업 및 제조업,,2023,급여액,백만원,6104652.0,
부산광역시,광업,05~08,2023,급여액,백만원,,X
부산광역시,제조업,10~34,2023,급여액,백만원,6103824.0,
대구광역시,광업 및 제조업,,2023,급여액,백만원,4676827.0,
대구광역시,광업,05~08,2023,급여액,백만원,,X
대구광역시,제조업,10~34,2023,급여액,백만원,4672194.0,
인천광역시,광업 및 제조업,,2023,급여액,백만원,8909249.0,
인천광역시,광업,05~08,2023,급여액,백만원,22094.0,
인천광역시,제조업,10~34,2023,급여액,백만원,8887155.0,
광주광역시,광업 및 제조업,,2023,급여액,백만원,3352297.0,
광주광역시,광업,05~08,2023,급여액,백만원,0.0,-
광주광역시,제조업,10~34,2023,급여액,백만원,3352297.0,
대전광역시,광업 및 제조업,,2023,급여액,백만원,2237720.0,
대전광역시,광업,05~08,2023,급여액,백만원,0.0,-
대전광역시,제조업,10~34,2023,급여액,백만원,2237720.0,
울산광역시,광업 및 제조업,,2023,급여액,백만원,10419720.0,
울산광역시,광업,05~08,2023,급여액,백만원,6406.0,
울산광역시,제조업,10~34,2023,급여액,백만원,10413314.0,
세종특별자치시,광업 및 제조업,,2023,급여액,백만원,1089672.0,
세종특별자치시,광업,05~08,2023,급여액,백만원,6921.0,
세종특별자치시,제조업,10~34,2023,급여액,백만원,1082751.0,
경기도,광업 및 제조업,,2023,급여액,백만원,50164588.0,
경기도,광업,05~08,2023,급여액,백만원,78828.0,
경기도,제조업,10~34,2023,급여액,백만원,50085760.0,
강원특별자치도,광업 및 제조업,,2023,급여액,백만원,2007775.0,
강원특별자치도,광업,05~08,2023,급여액,백만원,185876.0,
강원특별자치도,제조업,10~34,2023,급여액,백만원,1821899.0,
충청북도,광업 및 제조업,,2023,급여액,백만원,10157412.0,
충청북도,광업,05~08,2023,급여액,백만원,46796.0,
충청북도,제조업,10~34,2023,급여액,백만원,10110616.0,
충청남도,광업 및 제조업,,2023,급여액,백만원,16234649.0,
충청남도,광업,05~08,2023,급여액,백만원,33679.0,
충청남도,제조업,10~34,2023,급여액,백만원,16200970.0,
전라북도,광업 및 제조업,,2023,급여액,백만원,4584933.0,
전라북도,광업,05~08,2023,급여액,백만원,24303.0,
전라북도,제조업,10~34,2023,급여액,백만원,4560630.0,
전라남도,광업 및 제조업,,2023,급여액,백만원,5836731.0,
전라남도,광업,05~08,2023,급여액,백만원,35985.0,
전라남도,제조업,10~34,2023,급여액,백만원,5800746.0,
경상북도,광업 및 제조업,,2023,급여액,백만원,13789446.0,
경상북도,광업,05~08,2023,급여액,백만원,34643.0,
경상북도,제조업,10~34,2023,급여액,백만원,13754803.0,
경상남도,광업 및 제조업,,2023,급여액,백만원,16793634.0,
경상남도,광업,05~08,2023,급여액,백만원,23642.0,
경상남도,제조업,10~34,2023,급여액,백만원,16769992.0,
제주특별자치도,광업 및 제조업,,2023,급여액,백만원,267718.0,
제주특별자치도,광업,05~08,2023,급여액,백만원,7098.0,
제주특별자치도,제조업,10~34,2023,급여액,백만원,260620.0,
전국,광업 및 제조업,,2023,출하액,백만원,1992494162.0,
전국,광업,05~08,2023,출하액,백만원,3600636.0,
전국,제조업,10~34,2023,출하액,백만원,1988893526.0,
서울특별시,광업 및 제조업,,2023,출하액,백만원,34462409.0,
서울특별시,광업,05~08,2023,출하액,백만원,,X
서울특별시,제조업,10~34,2023,출하액,백만원,34462409.0,
부산광역시,광업 및 제조업,,2023,출하액,백만원,52848661.0,
부산광역시,광업,05~08,2023,출하액,백만원,,X
부산광역시,제조업,10~34,2023,출하액,백만원,52844423.0,
대구광역시,광업 및 제조업,,2023,출하액,백만원,40977690.0,
대구광역시,광업,05~08,2023,출하액,백만원,,X
대구광역시,제조업,10~34,2023,출하액,백만원,40947526.0,
인천광역시,광업 및 제조업,,2023,출하액,백만원,99450703.0,
인천광역시,광업,05~08,2023,출하액,백만원,127822.0,
인천광역시,제조업,10~34,2023,출하액,백만원,99322881.0,
광주광역시,광업 및 제조업,,2023,출하액,백만원,45869719.0,
광주광역시,광업,05~08,2023,출하액,백만원,0.0,-
광주광역시,제조업,10~34,2023,출하액,백만원,45869719.0,
대전광역시,광업 및 제조업,,2023,출하액,백만원,21292001.0,
대전광역시,광업,05~08,2023,출하액,백만원,0.0,-
대전광역시,제조업,10~34,2023,출하액,백만원,21292001.0,
울산광역시,광업 및 제조업,,2023,출하액,백만원,274263969.0,
울산광역시,광업,05~08,2023,출하액,백만원,62924.0,
울산광역시,제조업,10~34,2023,출하액,백만원,274201045.0,
세종특별자치시,광업 및 제조업,,2023,출하액,백만원,10543370.0,
세종특별자치시,광업,05~08,2023,출하액,백만원,49193.0,
세종특별자치시,제조업,10~34,2023,출하액,백만원,10494177.0,
경기도,광업 및 제조업,,2023,출하액,백만원,490178443.0,
경기도,광업,05~08,2023,출하액,백만원,781392.0,
경기도,제조업,10~34,2023,출하액,백만원,489397051.0,
강원특별자치도,광업 및 제조업,,2023,출하액,백만원,18944319.0,
강원특별자치도,광업,05~08,2023,출하액,백만원,1079883.0,
강원특별자치도,제조업,10~34,2023,출하액,백만원,17864436.0,
충청북도,광업 및 제조업,,2023,출하액,백만원,123443747.0,
충청북도,광업,05~08,2023,출하액,백만원,359660.0,
충청북도,제조업,10~34,2023,출하액,백만원,123084087.0,
충청남도,광업 및 제조업,,2023,출하액,백만원,250450109.0,
충청남도,광업,05~08,2023,출하액,백만원,303649.0,
충청남도,제조업,10~34,2023,출하액,백만원,250146460.0,
전라북도,광업 및 제조업,,2023,출하액,백만원,49014479.0,
전라북도,광업,05~08,2023,출하액,백만원,177407.0,
전라북도,제조업,10~34,2023,출하액,백만원,48837072.0,
전라남도,광업 및 제조업,,2023,출하액,백만원,146491132.0,
전라남도,광업,05~08,2023,출하액,백만원,217309.0,
전라남도,제조업,10~34,2023,출하액,백만원,146273823.0,
경상북도,광업 및 제조업,,2023,출하액,백만원,166635717.0,
경상북도,광업,05~08,2023,출하액,백만원,204314.0,
경상북도,제조업,10~34,2023,출하액,백만원,166431403.0,
경상남도,광업 및 제조업,,2023,출하액,백만원,165336440.0,
경상남도,광업,05~08,2023,출하액,백만원,153728.0,
경상남도,제조업,10~34,2023,출하액,백만원,165182712.0,
제주특별자치도,광업 및 제조업,,2023,출하액,백만원,2291254.0,
제주특별자치도,광업,05~08,2023,출하액,백만원,48953.0,
제주특별자치도,제조업,10~34,2023,출하액,백만원,2242301.0,
전국,광업 및 제조업,,2023,주요생산비,백만원,1324477461.0,
전국,광업,05~08,2023,주요생산비,백만원,1085217.0,
전국,제조업,10~34,2023,주요생산비,백만원,1323392244.0,
서울특별시,광업 및 제조업,,2023,주요생산비,백만원,17991782.0,
서울특별시,광업,05~08,2023,주요생산비,백만원,,X
서울특별시,제조업,10~34,2023,주요생산비,백만원,17991780.0,
부산광역시,광업 및 제조업,,2023,주요생산비,백만원,34747386.0,
부산광역시,광업,05~08,2023,주요생산비,백만원,,X
부산광역시,제조업,10~34,2023,주요생산비,백만원,34746798.0,
대구광역시,광업 및 제조업,,2023,주요생산비,백만원,27671239.0,
대구광역시,광업,05~08,2023,주요생산비,백만원,,X
대구광역시,제조업,10~34,2023,주요생산비,백만원,27662260.0,
인천광역시,광업 및 제조업,,2023,주요생산비,백만원,65894791.0,
인천광역시,광업,05~08,2023,주요생산비,백만원,57090.0,
인천광역시,제조업,10~34,2023,주요생산비,백만원,65837701.0,
광주광역시,광업 및 제조업,,2023,주요생산비,백만원,31386071.0,
광주광역시,광업,05~08,2023,주요생산비,백만원,0.0,-
광주광역시,제조업,10~34,2023,주요생산비,백만원,31386071.0,
대전광역시,광업 및 제조업,,2023,주요생산비,백만원,12190904.0,
대전광역시,광업,05~08,2023,주요생산비,백만원,0.0,-
대전광역시,제조업,10~34,2023,주요생산비,백만원,12190904.0,
울산광역시,광업 및 제조업,,2023,주요생산비,백만원,198555924.0,
울산광역시,광업,05~08,2023,주요생산비,백만원,19064.0,
울산광역시,제조업,10~34,2023,주요생산비,백만원,198536860.0,
세종특별자치시,광업 및 제조업,,2023,주요생산비,백만원,6561607.0,
세종특별자치시,광업,05~08,2023,주요생산비,백만원,24460.0,
세종특별자치시,제조업,10~34,2023,주요생산비,백만원,6537147.0,
경기도,광업 및 제조업,,2023,주요생산비,백만원,293822439.0,
경기도,광업,05~08,2023,주요생산비,백만원,305142.0,
경기도,제조업,10~34,2023,주요생산비,백만원,293517297.0,
강원특별자치도,광업 및 제조업,,2023,주요생산비,백만원,10507973.0,
강원특별자치도,광업,05~08,2023,주요생산비,백만원,261175.0,
강원특별자치도,제조업,10~34,2023,주요생산비,백만원,10246798.0,
충청북도,광업 및 제조업,,2023,주요생산비,백만원,81486421.0,
충청북도,광업,05~08,2023,주요생산비,백만원,86765.0,
충청북도,제조업,10~34,2023,주요생산비,백만원,81399656.0,
충청남도,광업 및 제조업,,2023,주요생산비,백만원,168350218.0,
충청남도,광업,05~08,2023,주요생산비,백만원,82639.0,
충청남도,제조업,10~34,2023,주요생산비,백만원,168267579.0,
전라북도,광업 및 제조업,,2023,주요생산비,백만원,33621147.0,
전라북도,광업,05~08,2023,주요생산비,백만원,34062.0,
전라북도,제조업,10~34,2023,주요생산비,백만원,33587085.0,
전라남도,광업 및 제조업,,2023,주요생산비,백만원,107148816.0,
전라남도,광업,05~08,2023,주요생산비,백만원,84542.0,
전라남도,제조업,10~34,2023,주요생산비,백만원,107064274.0,
경상북도,광업 및 제조업,,2023,주요생산비,백만원,118339557.0,
경상북도,광업,05~08,2023,주요생산비,백만원,63344.0,
경상북도,제조업,10~34,2023,주요생산비,백만원,118276213.0,
경상남도,광업 및 제조업,,2023,주요생산비,백만원,114957656.0,
경상남도,광업,05~08,2023,주요생산비,백만원,44282.0,
경상남도,제조업,10~34,2023,주요생산비,백만원,114913374.0,
제주특별자치도,광업 및 제조업,,2023,주요생산비,백만원,1243530.0,
제주특별자치도,광업,05~08,2023,주요생산비,백만원,13083.0,
제주특별자치도,제조업,10~34,2023,주요생산비,백만원,1230447.0,
전국,광업 및 제조업,,2023,부가가치,백만원,675084862.0,
전국,광업,05~08,2023,부가가치,백만원,2529787.0,
전국,제조업,10~34,2023,부가가치,백만원,672555075.0,
서울특별시,광업 및 제조업,,2023,부가가치,백만원,16829707.0,
서울특별시,광업,05~08,2023,부가가치,백만원,,X
서울특별시,제조업,10~34,2023,부가가치,백만원,16829709.0,
부산광역시,광업 및 제조업,,2023,부가가치,백만원,18240802.0,
부산광역시,광업,05~08,2023,부가가치,백만원,,X
부산광역시,제조업,10~34,2023,부가가치,백만원,18237206.0,
대구광역시,광업 및 제조업,,2023,부가가치,백만원,13639537.0,
대구광역시,광업,05~08,2023,부가가치,백만원,,X
대구광역시,제조업,10~34,2023,부가가치,백만원,13618288.0,
인천광역시,광업 및 제조업,,2023,부가가치,백만원,35983202.0,
인천광역시,광업,05~08,2023,부가가치,백만원,79065.0,
인천광역시,제조업,10~34,2023,부가가치,백만원,35904137.0,
광주광역시,광업 및 제조업,,2023,부가가치,백만원,14452131.0,
광주광역시,광업,05~08,2023,부가가치,백만원,0.0,-
광주광역시,제조업,10~34,2023,부가가치,백만원,14452131.0,
대전광역시,광업 및 제조업,,2023,부가가치,백만원,9040834.0,
대전광역시,광업,05~08,2023,부가가치,백만원,0.0,-
대전광역시,제조업,10~34,2023,부가가치,백만원,9040834.0,
울산광역시,광업 및 제조업,,2023,부가가치,백만원,75994731.0,
울산광역시,광업,05~08,2023,부가가치,백만원,42958.0,
울산광역시,제조업,10~34,2023,부가가치,백만원,75951773.0,
세종특별자치시,광업 및 제조업,,2023,부가가치,백만원,4062745.0,
세종특별자치시,광업,05~08,2023,부가가치,백만원,24875.0,
세종특별자치시,제조업,10~34,2023,부가가치,백만원,4037870.0,
경기도,광업 및 제조업,,2023,부가가치,백만원,200944249.0,
경기도,광업,05~08,2023,부가가치,백만원,476137.0,
경기도,제조업,10~34,2023,부가가치,백만원,200468112.0,
강원특별자치도,광업 및 제조업,,2023,부가가치,백만원,8455918.0,
강원특별자치도,광업,05~08,2023,부가가치,백만원,822739.0,
강원특별자치도,제조업,10~34,2023,부가가치,백만원,7633179.0,
충청북도,광업 및 제조업,,2023,부가가치,백만원,41505346.0,
충청북도,광업,05~08,2023,부가가치,백만원,275878.0,
충청북도,제조업,10~34,2023,부가가치,백만원,41229468.0,
충청남도,광업 및 제조업,,2023,부가가치,백만원,80755000.0,
충청남도,광업,05~08,2023,부가가치,백만원,218910.0,
충청남도,제조업,10~34,2023,부가가치,백만원,80536090.0,
전라북도,광업 및 제조업,,2023,부가가치,백만원,15480241.0,
전라북도,광업,05~08,2023,부가가치,백만원,144570.0,
전라북도,제조업,10~34,2023,부가가치,백만원,15335671.0,
전라남도,광업 및 제조업,,2023,부가가치,백만원,38787851.0,
전라남도,광업,05~08,2023,부가가치,백만원,132991.0,
전라남도,제조업,10~34,2023,부가가치,백만원,38654860.0,
경상북도,광업 및 제조업,,2023,부가가치,백만원,48507120.0,
경상북도,광업,05~08,2023,부가가치,백만원,139434.0,
경상북도,제조업,10~34,2023,부가가치,백만원,48367686.0,
경상남도,광업 및 제조업,,2023,부가가치,백만원,51359751.0,
경상남도,광업,05~08,2023,부가가치,백만원,111566.0,
경상남도,제조업,10~34,2023,부가가치,백만원,51248185.0,
제주특별자치도,광업 및 제조업,,2023,부가가치,백만원,1045697.0,
제주특별자치도,광업,05~08,2023,부가가치,백만원,35821.0,
제주특별자치도,제조업,10~34,2023,부가가치,백만원,1009876.0,
전국,광업 및 제조업,,2023,유형자산 연말잔액,백만원,768533913.0,
전국,광업,05~08,2023,유형자산 연말잔액,백만원,3009880.0,
전국,제조업,10~34,2023,유형자산 연말잔액,백만원,765524033.0,
서울특별시,광업 및 제조업,,2023,유형자산 연말잔액,백만원,10804473.0,
서울특별시,광업,05~08,2023,유형자산 연말잔액,백만원,,X
서울특별시,제조업,10~34,2023,유형자산 연말잔액,백만원,10801242.0,
부산광역시,광업 및 제조업,,2023,유형자산 연말잔액,백만원,25768316.0,
부산광역시,광업,05~08,2023,유형자산 연말잔액,백만원,,X
부산광역시,제조업,10~34,2023,유형자산 연말잔액,백만원,25768137.0,
대구광역시,광업 및 제조업,,2023,유형자산 연말잔액,백만원,17711090.0,
대구광역시,광업,05~08,2023,유형자산 연말잔액,백만원,,X
대구광역시,제조업,10~34,2023,유형자산 연말잔액,백만원,17679998.0,
인천광역시,광업 및 제조업,,2023,유형자산 연말잔액,백만원,43368437.0,
인천광역시,광업,05~08,2023,유형자산 연말잔액,백만원,136159.0,
인천광역시,제조업,10~34,2023,유형자산 연말잔액,백만원,43232278.0,
광주광역시,광업 및 제조업,,2023,유형자산 연말잔액,백만원,11340746.0,
광주광역시,광업,05~08,2023,유형자산 연말잔액,백만원,0.0,-
광주광역시,제조업,10~34,2023,유형자산 연말잔액,백만원,11340746.0,
대전광역시,광업 및 제조업,,2023,유형자산 연말잔액,백만원,7834674.0,
대전광역시,광업,05~08,2023,유형자산 연말잔액,백만원,0.0,-
대전광역시,제조업,10~34,2023,유형자산 연말잔액,백만원,7834674.0,
울산광역시,광업 및 제조업,,2023,유형자산 연말잔액,백만원,58144880.0,
울산광역시,광업,05~08,2023,유형자산 연말잔액,백만원,28565.0,
울산광역시,제조업,10~34,2023,유형자산 연말잔액,백만원,58116315.0,
세종특별자치시,광업 및 제조업,,2023,유형자산 연말잔액,백만원,4970166.0,
세종특별자치시,광업,05~08,2023,유형자산 연말잔액,백만원,16928.0,
세종특별자치시,제조업,10~34,2023,유형자산 연말잔액,백만원,4953238.0,
경기도,광업 및 제조업,,2023,유형자산 연말잔액,백만원,256007103.0,
경기도,광업,05~08,2023,유형자산 연말잔액,백만원,672755.0,
경기도,제조업,10~34,2023,유형자산 연말잔액,백만원,255334348.0,
강원특별자치도,광업 및 제조업,,2023,유형자산 연말잔액,백만원,10676702.0,
강원특별자치도,광업,05~08,2023,유형자산 연말잔액,백만원,1219314.0,
강원특별자치도,제조업,10~34,2023,유형자산 연말잔액,백만원,9457388.0,
충청북도,광업 및 제조업,,2023,유형자산 연말잔액,백만원,46388860.0,
충청북도,광업,05~08,2023,유형자산 연말잔액,백만원,133912.0,
충청북도,제조업,10~34,2023,유형자산 연말잔액,백만원,46254948.0,
충청남도,광업 및 제조업,,2023,유형자산 연말잔액,백만원,88047083.0,
충청남도,광업,05~08,2023,유형자산 연말잔액,백만원,184855.0,
충청남도,제조업,10~34,2023,유형자산 연말잔액,백만원,87862228.0,
전라북도,광업 및 제조업,,2023,유형자산 연말잔액,백만원,17464496.0,
전라북도,광업,05~08,2023,유형자산 연말잔액,백만원,67398.0,
전라북도,제조업,10~34,2023,유형자산 연말잔액,백만원,17397098.0,
전라남도,광업 및 제조업,,2023,유형자산 연말잔액,백만원,44161238.0,
전라남도,광업,05~08,2023,유형자산 연말잔액,백만원,185025.0,
전라남도,제조업,10~34,2023,유형자산 연말잔액,백만원,43976213.0,
경상북도,광업 및 제조업,,2023,유형자산 연말잔액,백만원,54724927.0,
경상북도,광업,05~08,2023,유형자산 연말잔액,백만원,93479.0,
경상북도,제조업,10~34,2023,유형자산 연말잔액,백만원,54631448.0,
경상남도,광업 및 제조업,,2023,유형자산 연말잔액,백만원,69824219.0,
경상남도,광업,05~08,2023,유형자산 연말잔액,백만원,195046.0,
경상남도,제조업,10~34,2023,유형자산 연말잔액,백만원,69629173.0,
제주특별자치도,광업 및 제조업,,2023,유형자산 연말잔액,백만원,1296503.0,
제주특별자치도,광업,05~08,2023,유형자산 연말잔액,백만원,41942.0,
제주특별자치도,제조업,10~34,2023,유형자산 연말잔액,백만원,1254561.0,
전국,광업 및 제조업,,2024,사업체수,개,73890.0,
전국,광업,05~08,2024,사업체수,개,320.0,
전국,제조업,10~34,2024,사업체수,개,73570.0,
서울특별시,광업 및 제조업,,2024,사업체수,개,3818.0,
서울특별시,광업,05~08,2024,사업체수,개,1.0,
서울특별시,제조업,10~34,2024,사업체수,개,3817.0,
부산광역시,광업 및 제조업,,2024,사업체수,개,4162.0,
부산광역시,광업,05~08,2024,사업체수,개,2.0,
부산광역시,제조업,10~34,2024,사업체수,개,4160.0,
대구광역시,광업 및 제조업,,2024,사업체수,개,3161.0,
대구광역시,광업,05~08,2024,사업체수,개,1.0,
대구광역시,제조업,10~34,2024,사업체수,개,3160.0,
인천광역시,광업 및 제조업,,2024,사업체수,개,4687.0,
인천광역시,광업,05~08,2024,사업체수,개,13.0,
인천광역시,제조업,10~34,2024,사업체수,개,4674.0,
광주광역시,광업 및 제조업,,2024,사업체수,개,1300.0,
광주광역시,광업,05~08,2024,사업체수,개,0.0,-
광주광역시,제조업,10~34,2024,사업체수,개,1300.0,
대전광역시,광업 및 제조업,,2024,사업체수,개,1025.0,
대전광역시,광업,05~08,2024,사업체수,개,0.0,-
대전광역시,제조업,10~34,2024,사업체수,개,1025.0,
울산광역시,광업 및 제조업,,2024,사업체수,개,1860.0,
울산광역시,광업,05~08,2024,사업체수,개,5.0,
울산광역시,제조업,10~34,2024,사업체수,개,1855.0,
세종특별자치시,광업 및 제조업,,2024,사업체수,개,353.0,
세종특별자치시,광업,05~08,2024,사업체수,개,6.0,
세종특별자치시,제조업,10~34,2024,사업체수,개,347.0,
경기도,광업 및 제조업,,2024,사업체수,개,26255.0,
경기도,광업,05~08,2024,사업체수,개,41.0,
경기도,제조업,10~34,2024,사업체수,개,26214.0,
강원특별자치도,광업 및 제조업,,2024,사업체수,개,1187.0,
강원특별자치도,광업,05~08,2024,사업체수,개,69.0,
강원특별자치도,제조업,10~34,2024,사업체수,개,1118.0,
충청북도,광업 및 제조업,,2024,사업체수,개,3829.0,
충청북도,광업,05~08,2024,사업체수,개,39.0,
충청북도,제조업,10~34,2024,사업체수,개,3790.0,
충청남도,광업 및 제조업,,2024,사업체수,개,4851.0,
충청남도,광업,05~08,2024,사업체수,개,28.0,
충청남도,제조업,10~34,2024,사업체수,개,4823.0,
전라북도,광업 및 제조업,,2024,사업체수,개,1929.0,
전라북도,광업,05~08,2024,사업체수,개,24.0,
전라북도,제조업,10~34,2024,사업체수,개,1905.0,
전라남도,광업 및 제조업,,2024,사업체수,개,2136.0,
전라남도,광업,05~08,2024,사업체수,개,27.0,
전라남도,제조업,10~34,2024,사업체수,개,2109.0,
경상북도,광업 및 제조업,,2024,사업체수,개,5509.0,
경상북도,광업,05~08,2024,사업체수,개,37.0,
경상북도,제조업,10~34,2024,사업체수,개,5472.0,
경상남도,광업 및 제조업,,2024,사업체수,개,7593.0,
경상남도,광업,05~08,2024,사업체수,개,22.0,
경상남도,제조업,10~34,2024,사업체수,개,7571.0,
제주특별자치도,광업 및 제조업,,2024,사업체수,개,235.0,
제주특별자치도,광업,05~08,2024,사업체수,개,5.0,
제주특별자치도,제조업,10~34,2024,사업체수,개,230.0,
전국,광업 및 제조업,,2024,종사자수,명,3045554.0,
전국,광업,05~08,2024,종사자수,명,8536.0,
전국,제조업,10~34,2024,종사자수,명,3037018.0,
서울특별시,광업 및 제조업,,2024,종사자수,명,92519.0,
서울특별시,광업,05~08,2024,종사자수,명,,X
서울특별시,제조업,10~34,2024,종사자수,명,92509.0,
부산광역시,광업 및 제조업,,2024,종사자수,명,130806.0,
부산광역시,광업,05~08,2024,종사자수,명,,X
부산광역시,제조업,10~34,2024,종사자수,명,130759.0,
대구광역시,광업 및 제조업,,2024,종사자수,명,100389.0,
대구광역시,광업,05~08,2024,종사자수,명,,X
대구광역시,제조업,10~34,2024,종사자수,명,100330.0,
인천광역시,광업 및 제조업,,2024,종사자수,명,176400.0,
인천광역시,광업,05~08,2024,종사자수,명,350.0,
인천광역시,제조업,10~34,2024,종사자수,명,176050.0,
광주광역시,광업 및 제조업,,2024,종사자수,명,61179.0,
광주광역시,광업,05~08,2024,종사자수,명,0.0,-
광주광역시,제조업,10~34,2024,종사자수,명,61179.0,
대전광역시,광업 및 제조업,,2024,종사자수,명,44518.0,
대전광역시,광업,05~08,2024,종사자수,명,0.0,-
대전광역시,제조업,10~34,2024,종사자수,명,44518.0,
울산광역시,광업 및 제조업,,2024,종사자수,명,165367.0,
울산광역시,광업,05~08,2024,종사자수,명,99.0,
울산광역시,제조업,10~34,2024,종사자수,명,165268.0,
세종특별자치시,광업 및 제조업,,2024,종사자수,명,20524.0,
세종특별자치시,광업,05~08,2024,종사자수,명,101.0,
세종특별자치시,제조업,10~34,2024,종사자수,명,20423.0,
경기도,광업 및 제조업,,2024,종사자수,명,959127.0,
경기도,광업,05~08,2024,종사자수,명,1079.0,
경기도,제조업,10~34,2024,종사자수,명,958048.0,
강원특별자치도,광업 및 제조업,,2024,종사자수,명,43635.0,
강원특별자치도,광업,05~08,2024,종사자수,명,2954.0,
강원특별자치도,제조업,10~34,2024,종사자수,명,40681.0,
충청북도,광업 및 제조업,,2024,종사자수,명,194425.0,
충청북도,광업,05~08,2024,종사자수,명,870.0,
충청북도,제조업,10~34,2024,종사자수,명,193555.0,
충청남도,광업 및 제조업,,2024,종사자수,명,267776.0,
충청남도,광업,05~08,2024,종사자수,명,658.0,
충청남도,제조업,10~34,2024,종사자수,명,267118.0,
전라북도,광업 및 제조업,,2024,종사자수,명,89161.0,
전라북도,광업,05~08,2024,종사자수,명,447.0,
전라북도,제조업,10~34,2024,종사자수,명,88714.0,
전라남도,광업 및 제조업,,2024,종사자수,명,108147.0,
전라남도,광업,05~08,2024,종사자수,명,602.0,
전라남도,제조업,10~34,2024,종사자수,명,107545.0,
경상북도,광업 및 제조업,,2024,종사자수,명,243711.0,
경상북도,광업,05~08,2024,종사자수,명,690.0,
경상북도,제조업,10~34,2024,종사자수,명,243021.0,
경상남도,광업 및 제조업,,2024,종사자수,명,341816.0,
경상남도,광업,05~08,2024,종사자수,명,464.0,
경상남도,제조업,10~34,2024,종사자수,명,341352.0,
제주특별자치도,광업 및 제조업,,2024,종사자수,명,6054.0,
제주특별자치도,광업,05~08,2024,종사자수,명,106.0,
제주특별자치도,제조업,10~34,2024,종사자수,명,5948.0,
전국,광업 및 제조업,,2024,급여액,백만원,172878439.0,
전국,광업,05~08,2024,급여액,백만원,495217.0,
전국,제조업,10~34,2024,급여액,백만원,172383222.0,
서울특별시,광업 및 제조업,,2024,급여액,백만원,4028499.0,
서울특별시,광업,05~08,2024,급여액,백만원,,X
서울특별시,제조업,10~34,2024,급여액,백만원,4027835.0,
부산광역시,광업 및 제조업,,2024,급여액,백만원,6406370.0,
부산광역시,광업,05~08,2024,급여액,백만원,,X
부산광역시,제조업,10~34,2024,급여액,백만원,6403791.0,
대구광역시,광업 및 제조업,,2024,급여액,백만원,4882514.0,
대구광역시,광업,05~08,2024,급여액,백만원,,X
대구광역시,제조업,10~34,2024,급여액,백만원,4879213.0,
인천광역시,광업 및 제조업,,2024,급여액,백만원,9509206.0,
인천광역시,광업,05~08,2024,급여액,백만원,19318.0,
인천광역시,제조업,10~34,2024,급여액,백만원,9489888.0,
광주광역시,광업 및 제조업,,2024,급여액,백만원,3375658.0,
광주광역시,광업,05~08,2024,급여액,백만원,0.0,-
광주광역시,제조업,10~34,2024,급여액,백만원,3375658.0,
대전광역시,광업 및 제조업,,2024,급여액,백만원,2402130.0,
대전광역시,광업,05~08,2024,급여액,백만원,0.0,-
대전광역시,제조업,10~34,2024,급여액,백만원,2402130.0,
울산광역시,광업 및 제조업,,2024,급여액,백만원,12486939.0,
울산광역시,광업,05~08,2024,급여액,백만원,5586.0,
울산광역시,제조업,10~34,2024,급여액,백만원,12481353.0,
세종특별자치시,광업 및 제조업,,2024,급여액,백만원,1139858.0,
세종특별자치시,광업,05~08,2024,급여액,백만원,6409.0,
세종특별자치시,제조업,10~34,2024,급여액,백만원,1133449.0,
경기도,광업 및 제조업,,2024,급여액,백만원,54062651.0,
경기도,광업,05~08,2024,급여액,백만원,72754.0,
경기도,제조업,10~34,2024,급여액,백만원,53989897.0,
강원특별자치도,광업 및 제조업,,2024,급여액,백만원,2050817.0,
강원특별자치도,광업,05~08,2024,급여액,백만원,174774.0,
강원특별자치도,제조업,10~34,2024,급여액,백만원,1876043.0,
충청북도,광업 및 제조업,,2024,급여액,백만원,10943834.0,
충청북도,광업,05~08,2024,급여액,백만원,50133.0,
충청북도,제조업,10~34,2024,급여액,백만원,10893701.0,
충청남도,광업 및 제조업,,2024,급여액,백만원,17248740.0,
충청남도,광업,05~08,2024,급여액,백만원,37399.0,
충청남도,제조업,10~34,2024,급여액,백만원,17211341.0,
전라북도,광업 및 제조업,,2024,급여액,백만원,4812907.0,
전라북도,광업,05~08,2024,급여액,백만원,25809.0,
전라북도,제조업,10~34,2024,급여액,백만원,4787098.0,
전라남도,광업 및 제조업,,2024,급여액,백만원,6341196.0,
전라남도,광업,05~08,2024,급여액,백만원,31249.0,
전라남도,제조업,10~34,2024,급여액,백만원,6309947.0,
경상북도,광업 및 제조업,,2024,급여액,백만원,14743537.0,
경상북도,광업,05~08,2024,급여액,백만원,35729.0,
경상북도,제조업,10~34,2024,급여액,백만원,14707808.0,
경상남도,광업 및 제조업,,2024,급여액,백만원,18172530.0,
경상남도,광업,05~08,2024,급여액,백만원,24052.0,
경상남도,제조업,10~34,2024,급여액,백만원,18148478.0,
제주특별자치도,광업 및 제조업,,2024,급여액,백만원,271053.0,
제주특별자치도,광업,05~08,2024,급여액,백만원,5461.0,
제주특별자치도,제조업,10~34,2024,급여액,백만원,265592.0,
전국,광업 및 제조업,,2024,출하액,백만원,2089738663.0,
전국,광업,05~08,2024,출하액,백만원,3340267.0,
전국,제조업,10~34,2024,출하액,백만원,2086398396.0,
서울특별시,광업 및 제조업,,2024,출하액,백만원,36145356.0,
서울특별시,광업,05~08,2024,출하액,백만원,,X
서울특별시,제조업,10~34,2024,출하액,백만원,36145356.0,
부산광역시,광업 및 제조업,,2024,출하액,백만원,54115105.0,
부산광역시,광업,05~08,2024,출하액,백만원,,X
부산광역시,제조업,10~34,2024,출하액,백만원,54098961.0,
대구광역시,광업 및 제조업,,2024,출하액,백만원,38841290.0,
대구광역시,광업,05~08,2024,출하액,백만원,,X
대구광역시,제조업,10~34,2024,출하액,백만원,38820123.0,
인천광역시,광업 및 제조업,,2024,출하액,백만원,99432995.0,
인천광역시,광업,05~08,2024,출하액,백만원,119859.0,
인천광역시,제조업,10~34,2024,출하액,백만원,99313136.0,
광주광역시,광업 및 제조업,,2024,출하액,백만원,48796434.0,
광주광역시,광업,05~08,2024,출하액,백만원,0.0,-
광주광역시,제조업,10~34,2024,출하액,백만원,48796434.0,
대전광역시,광업 및 제조업,,2024,출하액,백만원,22431701.0,
대전광역시,광업,05~08,2024,출하액,백만원,0.0,-
대전광역시,제조업,10~34,2024,출하액,백만원,22431701.0,
울산광역시,광업 및 제조업,,2024,출하액,백만원,278421843.0,
울산광역시,광업,05~08,2024,출하액,백만원,62715.0,
울산광역시,제조업,10~34,2024,출하액,백만원,278359128.0,
세종특별자치시,광업 및 제조업,,2024,출하액,백만원,11424011.0,
세종특별자치시,광업,05~08,2024,출하액,백만원,50552.0,
세종특별자치시,제조업,10~34,2024,출하액,백만원,11373459.0,
경기도,광업 및 제조업,,2024,출하액,백만원,557801033.0,
경기도,광업,05~08,2024,출하액,백만원,631438.0,
경기도,제조업,10~34,2024,출하액,백만원,557169595.0,
강원특별자치도,광업 및 제조업,,2024,출하액,백만원,18661237.0,
강원특별자치도,광업,05~08,2024,출하액,백만원,1054007.0,
강원특별자치도,제조업,10~34,2024,출하액,백만원,17607230.0,
충청북도,광업 및 제조업,,2024,출하액,백만원,124184293.0,
충청북도,광업,05~08,2024,출하액,백만원,352823.0,
충청북도,제조업,10~34,2024,출하액,백만원,123831470.0,
충청남도,광업 및 제조업,,2024,출하액,백만원,252924341.0,
충청남도,광업,05~08,2024,출하액,백만원,301116.0,
충청남도,제조업,10~34,2024,출하액,백만원,252623225.0,
전라북도,광업 및 제조업,,2024,출하액,백만원,49514394.0,
전라북도,광업,05~08,2024,출하액,백만원,156645.0,
전라북도,제조업,10~34,2024,출하액,백만원,49357749.0,
전라남도,광업 및 제조업,,2024,출하액,백만원,149902264.0,
전라남도,광업,05~08,2024,출하액,백만원,188228.0,
전라남도,제조업,10~34,2024,출하액,백만원,149714036.0,
경상북도,광업 및 제조업,,2024,출하액,백만원,165283542.0,
경상북도,광업,05~08,2024,출하액,백만원,193217.0,
경상북도,제조업,10~34,2024,출하액,백만원,165090325.0,
경상남도,광업 및 제조업,,2024,출하액,백만원,179638767.0,
경상남도,광업,05~08,2024,출하액,백만원,160478.0,
경상남도,제조업,10~34,2024,출하액,백만원,179478289.0,
제주특별자치도,광업 및 제조업,,2024,출하액,백만원,2220057.0,
제주특별자치도,광업,05~08,2024,출하액,백만원,31878.0,
제주특별자치도,제조업,10~34,2024,출하액,백만원,2188179.0,
전국,광업 및 제조업,,2024,주요생산비,백만원,1343609251.0,
전국,광업,05~08,2024,주요생산비,백만원,990647.0,
전국,제조업,10~34,2024,주요생산비,백만원,1342618604.0,
서울특별시,광업 및 제조업,,2024,주요생산비,백만원,18846110.0,
서울특별시,광업,05~08,2024,주요생산비,백만원,,X
서울특별시,제조업,10~34,2024,주요생산비,백만원,18846108.0,
부산광역시,광업 및 제조업,,2024,주요생산비,백만원,34893556.0,
부산광역시,광업,05~08,2024,주요생산비,백만원,,X
부산광역시,제조업,10~34,2024,주요생산비,백만원,34888220.0,
대구광역시,광업 및 제조업,,2024,주요생산비,백만원,25379276.0,
대구광역시,광업,05~08,2024,주요생산비,백만원,,X
대구광역시,제조업,10~34,2024,주요생산비,백만원,25371822.0,
인천광역시,광업 및 제조업,,2024,주요생산비,백만원,63827391.0,
인천광역시,광업,05~08,2024,주요생산비,백만원,42000.0,
인천광역시,제조업,10~34,2024,주요생산비,백만원,63785391.0,
광주광역시,광업 및 제조업,,2024,주요생산비,백만원,32379936.0,
광주광역시,광업,05~08,2024,주요생산비,백만원,0.0,-
광주광역시,제조업,10~34,2024,주요생산비,백만원,32379936.0,
대전광역시,광업 및 제조업,,2024,주요생산비,백만원,12619745.0,
대전광역시,광업,05~08,2024,주요생산비,백만원,0.0,-
대전광역시,제조업,10~34,2024,주요생산비,백만원,12619745.0,
울산광역시,광업 및 제조업,,2024,주요생산비,백만원,202343640.0,
울산광역시,광업,05~08,2024,주요생산비,백만원,18656.0,
울산광역시,제조업,10~34,2024,주요생산비,백만원,202324984.0,
세종특별자치시,광업 및 제조업,,2024,주요생산비,백만원,6921075.0,
세종특별자치시,광업,05~08,2024,주요생산비,백만원,23868.0,
세종특별자치시,제조업,10~34,2024,주요생산비,백만원,6897207.0,
경기도,광업 및 제조업,,2024,주요생산비,백만원,305898742.0,
경기도,광업,05~08,2024,주요생산비,백만원,257454.0,
경기도,제조업,10~34,2024,주요생산비,백만원,305641288.0,
강원특별자치도,광업 및 제조업,,2024,주요생산비,백만원,10290538.0,
강원특별자치도,광업,05~08,2024,주요생산비,백만원,274057.0,
강원특별자치도,제조업,10~34,2024,주요생산비,백만원,10016481.0,
충청북도,광업 및 제조업,,2024,주요생산비,백만원,75660735.0,
충청북도,광업,05~08,2024,주요생산비,백만원,88792.0,
충청북도,제조업,10~34,2024,주요생산비,백만원,75571943.0,
충청남도,광업 및 제조업,,2024,주요생산비,백만원,170623764.0,
충청남도,광업,05~08,2024,주요생산비,백만원,80585.0,
충청남도,제조업,10~34,2024,주요생산비,백만원,170543179.0,
전라북도,광업 및 제조업,,2024,주요생산비,백만원,34079825.0,
전라북도,광업,05~08,2024,주요생산비,백만원,27636.0,
전라북도,제조업,10~34,2024,주요생산비,백만원,34052189.0,
전라남도,광업 및 제조업,,2024,주요생산비,백만원,110602121.0,
전라남도,광업,05~08,2024,주요생산비,백만원,57605.0,
전라남도,제조업,10~34,2024,주요생산비,백만원,110544516.0,
경상북도,광업 및 제조업,,2024,주요생산비,백만원,116901771.0,
경상북도,광업,05~08,2024,주요생산비,백만원,50524.0,
경상북도,제조업,10~34,2024,주요생산비,백만원,116851247.0,
경상남도,광업 및 제조업,,2024,주요생산비,백만원,121106885.0,
경상남도,광업,05~08,2024,주요생산비,백만원,44468.0,
경상남도,제조업,10~34,2024,주요생산비,백만원,121062417.0,
제주특별자치도,광업 및 제조업,,2024,주요생산비,백만원,1234141.0,
제주특별자치도,광업,05~08,2024,주요생산비,백만원,12210.0,
제주특별자치도,제조업,10~34,2024,주요생산비,백만원,1221931.0,
전국,광업 및 제조업,,2024,부가가치,백만원,751409998.0,
전국,광업,05~08,2024,부가가치,백만원,2357185.0,
전국,제조업,10~34,2024,부가가치,백만원,749052813.0,
서울특별시,광업 및 제조업,,2024,부가가치,백만원,17726298.0,
서울특별시,광업,05~08,2024,부가가치,백만원,,X
서울특별시,제조업,10~34,2024,부가가치,백만원,17726300.0,
부산광역시,광업 및 제조업,,2024,부가가치,백만원,19676182.0,
부산광역시,광업,05~08,2024,부가가치,백만원,,X
부산광역시,제조업,10~34,2024,부가가치,백만원,19665434.0,
대구광역시,광업 및 제조업,,2024,부가가치,백만원,13409450.0,
대구광역시,광업,05~08,2024,부가가치,백만원,,X
대구광역시,제조업,10~34,2024,부가가치,백만원,13395339.0,
인천광역시,광업 및 제조업,,2024,부가가치,백만원,35084180.0,
인천광역시,광업,05~08,2024,부가가치,백만원,77210.0,
인천광역시,제조업,10~34,2024,부가가치,백만원,35006970.0,
광주광역시,광업 및 제조업,,2024,부가가치,백만원,16371230.0,
광주광역시,광업,05~08,2024,부가가치,백만원,0.0,-
광주광역시,제조업,10~34,2024,부가가치,백만원,16371230.0,
대전광역시,광업 및 제조업,,2024,부가가치,백만원,9948131.0,
대전광역시,광업,05~08,2024,부가가치,백만원,0.0,-
대전광역시,제조업,10~34,2024,부가가치,백만원,9948131.0,
울산광역시,광업 및 제조업,,2024,부가가치,백만원,76585583.0,
울산광역시,광업,05~08,2024,부가가치,백만원,44052.0,
울산광역시,제조업,10~34,2024,부가가치,백만원,76541531.0,
세종특별자치시,광업 및 제조업,,2024,부가가치,백만원,4567002.0,
세종특별자치시,광업,05~08,2024,부가가치,백만원,27258.0,
세종특별자치시,제조업,10~34,2024,부가가치,백만원,4539744.0,
경기도,광업 및 제조업,,2024,부가가치,백만원,253687968.0,
경기도,광업,05~08,2024,부가가치,백만원,383768.0,
경기도,제조업,10~34,2024,부가가치,백만원,253304200.0,
강원특별자치도,광업 및 제조업,,2024,부가가치,백만원,8712436.0,
강원특별자치도,광업,05~08,2024,부가가치,백만원,774363.0,
강원특별자치도,제조업,10~34,2024,부가가치,백만원,7938073.0,
충청북도,광업 및 제조업,,2024,부가가치,백만원,48615215.0,
충청북도,광업,05~08,2024,부가가치,백만원,264573.0,
충청북도,제조업,10~34,2024,부가가치,백만원,48350642.0,
충청남도,광업 및 제조업,,2024,부가가치,백만원,82750414.0,
충청남도,광업,05~08,2024,부가가치,백만원,221897.0,
충청남도,제조업,10~34,2024,부가가치,백만원,82528517.0,
전라북도,광업 및 제조업,,2024,부가가치,백만원,15628334.0,
전라북도,광업,05~08,2024,부가가치,백만원,128958.0,
전라북도,제조업,10~34,2024,부가가치,백만원,15499376.0,
전라남도,광업 및 제조업,,2024,부가가치,백만원,39341041.0,
전라남도,광업,05~08,2024,부가가치,백만원,131586.0,
전라남도,제조업,10~34,2024,부가가치,백만원,39209455.0,
경상북도,광업 및 제조업,,2024,부가가치,백만원,48549023.0,
경상북도,광업,05~08,2024,부가가치,백만원,143003.0,
경상북도,제조업,10~34,2024,부가가치,백만원,48406020.0,
경상남도,광업 및 제조업,,2024,부가가치,백만원,59735080.0,
경상남도,광업,05~08,2024,부가가치,백만원,115506.0,
경상남도,제조업,10~34,2024,부가가치,백만원,59619574.0,
제주특별자치도,광업 및 제조업,,2024,부가가치,백만원,1022431.0,
제주특별자치도,광업,05~08,2024,부가가치,백만원,20154.0,
제주특별자치도,제조업,10~34,2024,부가가치,백만원,1002277.0,
전국,광업 및 제조업,,2024,유형자산 연말잔액,백만원,822255735.0,
전국,광업,05~08,2024,유형자산 연말잔액,백만원,3089000.0,
전국,제조업,10~34,2024,유형자산 연말잔액,백만원,819166735.0,
서울특별시,광업 및 제조업,,2024,유형자산 연말잔액,백만원,12603204.0,
서울특별시,광업,05~08,2024,유형자산 연말잔액,백만원,,X
서울특별시,제조업,10~34,2024,유형자산 연말잔액,백만원,12598410.0,
부산광역시,광업 및 제조업,,2024,유형자산 연말잔액,백만원,26985119.0,
부산광역시,광업,05~08,2024,유형자산 연말잔액,백만원,,X
부산광역시,제조업,10~34,2024,유형자산 연말잔액,백만원,26979890.0,
대구광역시,광업 및 제조업,,2024,유형자산 연말잔액,백만원,18790659.0,
대구광역시,광업,05~08,2024,유형자산 연말잔액,백만원,,X
대구광역시,제조업,10~34,2024,유형자산 연말잔액,백만원,18772432.0,
인천광역시,광업 및 제조업,,2024,유형자산 연말잔액,백만원,45110524.0,
인천광역시,광업,05~08,2024,유형자산 연말잔액,백만원,127187.0,
인천광역시,제조업,10~34,2024,유형자산 연말잔액,백만원,44983337.0,
광주광역시,광업 및 제조업,,2024,유형자산 연말잔액,백만원,11537118.0,
광주광역시,광업,05~08,2024,유형자산 연말잔액,백만원,0.0,-
광주광역시,제조업,10~34,2024,유형자산 연말잔액,백만원,11537118.0,
대전광역시,광업 및 제조업,,2024,유형자산 연말잔액,백만원,8636375.0,
대전광역시,광업,05~08,2024,유형자산 연말잔액,백만원,0.0,-
대전광역시,제조업,10~34,2024,유형자산 연말잔액,백만원,8636375.0,
울산광역시,광업 및 제조업,,2024,유형자산 연말잔액,백만원,60068253.0,
울산광역시,광업,05~08,2024,유형자산 연말잔액,백만원,34701.0,
울산광역시,제조업,10~34,2024,유형자산 연말잔액,백만원,60033552.0,
세종특별자치시,광업 및 제조업,,2024,유형자산 연말잔액,백만원,4740038.0,
세종특별자치시,광업,05~08,2024,유형자산 연말잔액,백만원,17937.0,
세종특별자치시,제조업,10~34,2024,유형자산 연말잔액,백만원,4722101.0,
경기도,광업 및 제조업,,2024,유형자산 연말잔액,백만원,278386438.0,
경기도,광업,05~08,2024,유형자산 연말잔액,백만원,684222.0,
경기도,제조업,10~34,2024,유형자산 연말잔액,백만원,277702216.0,
강원특별자치도,광업 및 제조업,,2024,유형자산 연말잔액,백만원,10426464.0,
강원특별자치도,광업,05~08,2024,유형자산 연말잔액,백만원,1245608.0,
강원특별자치도,제조업,10~34,2024,유형자산 연말잔액,백만원,9180856.0,
충청북도,광업 및 제조업,,2024,유형자산 연말잔액,백만원,52484580.0,
충청북도,광업,05~08,2024,유형자산 연말잔액,백만원,155654.0,
충청북도,제조업,10~34,2024,유형자산 연말잔액,백만원,52328926.0,
충청남도,광업 및 제조업,,2024,유형자산 연말잔액,백만원,91871600.0,
충청남도,광업,05~08,2024,유형자산 연말잔액,백만원,186461.0,
충청남도,제조업,10~34,2024,유형자산 연말잔액,백만원,91685139.0,
전라북도,광업 및 제조업,,2024,유형자산 연말잔액,백만원,18698457.0,
전라북도,광업,05~08,2024,유형자산 연말잔액,백만원,71677.0,
전라북도,제조업,10~34,2024,유형자산 연말잔액,백만원,18626780.0,
전라남도,광업 및 제조업,,2024,유형자산 연말잔액,백만원,46462427.0,
전라남도,광업,05~08,2024,유형자산 연말잔액,백만원,171695.0,
전라남도,제조업,10~34,2024,유형자산 연말잔액,백만원,46290732.0,
경상북도,광업 및 제조업,,2024,유형자산 연말잔액,백만원,59948810.0,
경상북도,광업,05~08,2024,유형자산 연말잔액,백만원,89661.0,
경상북도,제조업,10~34,2024,유형자산 연말잔액,백만원,59859149.0,
경상남도,광업 및 제조업,,2024,유형자산 연말잔액,백만원,74285533.0,
경상남도,광업,05~08,2024,유형자산 연말잔액,백만원,239314.0,
경상남도,제조업,10~34,2024,유형자산 연말잔액,백만원,74046219.0,
제주특별자치도,광업 및 제조업,,2024,유형자산 연말잔액,백만원,1220136.0,
제주특별자치도,광업,05~08,2024,유형자산 연말잔액,백만원,36633.0,
제주특별자치도,제조업,10~34,2024,유형자산 연말잔액,백만원,1183503.0,
