연도,품목,지역,구분,물동량_톤
2022,농산물,서울,반입,1574543
2022,농산물,서울,반출,3530
2022,농산물,서울,합계,1578073
2022,농산물,부산,반입,630625
2022,농산물,부산,반출,388765
2022,농산물,부산,합계,1019390
2022,농산물,대구,반입,584984
2022,농산물,대구,반출,103725
2022,농산물,대구,합계,688709
2022,농산물,인천,반입,729148
2022,농산물,인천,반출,1968180
2022,농산물,인천,합계,2697328
2022,농산물,광주,반입,352597
2022,농산물,광주,반출,100901
2022,농산물,광주,합계,453498
2022,농산물,세종,반입,172174
2022,농산물,세종,반출,77454
2022,농산물,세종,합계,249628
2022,농산물,대전,반입,513403
2022,농산물,대전,반출,26402
2022,농산물,대전,합계,539805
2022,농산물,울산,반입,271944
2022,농산물,울산,반출,747183
2022,농산물,울산,합계,1019127
2022,농산물,경기,반입,4217902
2022,농산물,경기,반출,3625542
2022,농산물,경기,합계,7843444
2022,농산물,강원,반입,709657
2022,농산물,강원,반출,1298754
2022,농산물,강원,합계,2008411
2022,농산물,충북,반입,2257643
2022,농산물,충북,반출,885562
2022,농산물,충북,합계,3143205
2022,농산물,충남,반입,3330114
2022,농산물,충남,반출,2056693
2022,농산물,충남,합계,5386807
2022,농산물,전북,반입,1776209
2022,농산물,전북,반출,2106812
2022,농산물,전북,합계,3883021
2022,농산물,전남,반입,970763
2022,농산물,전남,반출,3455534
2022,농산물,전남,합계,4426297
2022,농산물,경북,반입,1369296
2022,농산물,경북,반출,2465241
2022,농산물,경북,합계,3834537
2022,농산물,경남,반입,1380260
2022,농산물,경남,반출,1530984
2022,농산물,경남,합계,2911244
2022,농산물,제주,반입,0
2022,농산물,제주,반출,0
2022,농산물,제주,합계,0
2022,임산물,서울,반입,326699
2022,임산물,서울,반출,4476
2022,임산물,서울,합계,331175
2022,임산물,부산,반입,154944
2022,임산물,부산,반출,3782
2022,임산물,부산,합계,158726
2022,임산물,대구,반입,93668
2022,임산물,대구,반출,7135
2022,임산물,대구,합계,100803
2022,임산물,인천,반입,325475
2022,임산물,인천,반출,2722
2022,임산물,인천,합계,328197
2022,임산물,광주,반입,59744
2022,임산물,광주,반출,7428
2022,임산물,광주,합계,67172
2022,임산물,세종,반입,47893
2022,임산물,세종,반출,21639
2022,임산물,세종,합계,69532
2022,임산물,대전,반입,62625
2022,임산물,대전,반출,2538
2022,임산물,대전,합계,65163
2022,임산물,울산,반입,86354
2022,임산물,울산,반출,9118
2022,임산물,울산,합계,95472
2022,임산물,경기,반입,658285
2022,임산물,경기,반출,288668
2022,임산물,경기,합계,946953
2022,임산물,강원,반입,226795
2022,임산물,강원,반출,842064
2022,임산물,강원,합계,1068859
2022,임산물,충북,반입,235361
2022,임산물,충북,반출,507013
2022,임산물,충북,합계,742374
2022,임산물,충남,반입,228892
2022,임산물,충남,반출,553721
2022,임산물,충남,합계,782613
2022,임산물,전북,반입,270604
2022,임산물,전북,반출,368330
2022,임산물,전북,합계,638934
2022,임산물,전남,반입,243448
2022,임산물,전남,반출,442906
2022,임산물,전남,합계,686354
2022,임산물,경북,반입,459389
2022,임산물,경북,반출,540884
2022,임산물,경북,합계,1000273
2022,임산물,경남,반입,373423
2022,임산물,경남,반출,251175
2022,임산물,경남,합계,624598
2022,임산물,제주,반입,0
2022,임산물,제주,반출,0
2022,임산물,제주,합계,0
2022,수산물,서울,반입,223164
2022,수산물,서울,반출,185
2022,수산물,서울,합계,223349
2022,수산물,부산,반입,664084
2022,수산물,부산,반출,185759
2022,수산물,부산,합계,849843
2022,수산물,대구,반입,70695
2022,수산물,대구,반출,67
2022,수산물,대구,합계,70762
2022,수산물,인천,반입,101621
2022,수산물,인천,반출,42636
2022,수산물,인천,합계,144257
2022,수산물,광주,반입,36299
2022,수산물,광주,반출,261
2022,수산물,광주,합계,36560
2022,수산물,세종,반입,4773
2022,수산물,세종,반출,289
2022,수산물,세종,합계,5062
2022,수산물,대전,반입,48746
2022,수산물,대전,반출,101
2022,수산물,대전,합계,48847
2022,수산물,울산,반입,35800
2022,수산물,울산,반출,20571
2022,수산물,울산,합계,56371
2022,수산물,경기,반입,493419
2022,수산물,경기,반출,30995
2022,수산물,경기,합계,524414
2022,수산물,강원,반입,254983
2022,수산물,강원,반출,64041
2022,수산물,강원,합계,319024
2022,수산물,충북,반입,80657
2022,수산물,충북,반출,4190
2022,수산물,충북,합계,84847
2022,수산물,충남,반입,155890
2022,수산물,충남,반출,188183
2022,수산물,충남,합계,344073
2022,수산물,전북,반입,105570
2022,수산물,전북,반출,99329
2022,수산물,전북,합계,204899
2022,수산물,전남,반입,116589
2022,수산물,전남,반출,1772156
2022,수산물,전남,합계,1888745
2022,수산물,경북,반입,199735
2022,수산물,경북,반출,113519
2022,수산물,경북,합계,313254
2022,수산물,경남,반입,418774
2022,수산물,경남,반출,488517
2022,수산물,경남,합계,907291
2022,수산물,제주,반입,0
2022,수산물,제주,반출,0
2022,수산물,제주,합계,0
2022,축산물,서울,반입,144410
2022,축산물,서울,반출,52
2022,축산물,서울,합계,144462
2022,축산물,부산,반입,57937
2022,축산물,부산,반출,2620
2022,축산물,부산,합계,60557
2022,축산물,대구,반입,193696
2022,축산물,대구,반출,5820
2022,축산물,대구,합계,199516
2022,축산물,인천,반입,40996
2022,축산물,인천,반출,49034
2022,축산물,인천,합계,90030
2022,축산물,광주,반입,42709
2022,축산물,광주,반출,3678
2022,축산물,광주,합계,46387
2022,축산물,세종,반입,29973
2022,축산물,세종,반출,43382
2022,축산물,세종,합계,73355
2022,축산물,대전,반입,42026
2022,축산물,대전,반출,8270
2022,축산물,대전,합계,50296
2022,축산물,울산,반입,20685
2022,축산물,울산,반출,15190
2022,축산물,울산,합계,35875
2022,축산물,경기,반입,546289
2022,축산물,경기,반출,1013430
2022,축산물,경기,합계,1559719
2022,축산물,강원,반입,204798
2022,축산물,강원,반출,245293
2022,축산물,강원,합계,450091
2022,축산물,충북,반입,811393
2022,축산물,충북,반출,178900
2022,축산물,충북,합계,990293
2022,축산물,충남,반입,308707
2022,축산물,충남,반출,760991
2022,축산물,충남,합계,1069698
2022,축산물,전북,반입,572413
2022,축산물,전북,반출,362759
2022,축산물,전북,합계,935172
2022,축산물,전남,반입,142154
2022,축산물,전남,반출,375716
2022,축산물,전남,합계,517870
2022,축산물,경북,반입,499800
2022,축산물,경북,반출,460648
2022,축산물,경북,합계,960448
2022,축산물,경남,반입,217588
2022,축산물,경남,반출,349791
2022,축산물,경남,합계,567379
2022,축산물,제주,반입,0
2022,축산물,제주,반출,0
2022,축산물,제주,합계,0
2022,석탄광물,서울,반입,119215
2022,석탄광물,서울,반출,0
2022,석탄광물,서울,합계,119215
2022,석탄광물,부산,반입,55004
2022,석탄광물,부산,반출,4081
2022,석탄광물,부산,합계,59085
2022,석탄광물,대구,반입,57754
2022,석탄광물,대구,반출,0
2022,석탄광물,대구,합계,57754
2022,석탄광물,인천,반입,0
2022,석탄광물,인천,반출,0
2022,석탄광물,인천,합계,0
2022,석탄광물,광주,반입,24892
2022,석탄광물,광주,반출,0
2022,석탄광물,광주,합계,24892
2022,석탄광물,세종,반입,17010
2022,석탄광물,세종,반출,0
2022,석탄광물,세종,합계,17010
2022,석탄광물,대전,반입,50131
2022,석탄광물,대전,반출,0
2022,석탄광물,대전,합계,50131
2022,석탄광물,울산,반입,88624
2022,석탄광물,울산,반출,0
2022,석탄광물,울산,합계,88624
2022,석탄광물,경기,반입,263765
2022,석탄광물,경기,반출,9467356
2022,석탄광물,경기,합계,9731121
2022,석탄광물,강원,반입,262654
2022,석탄광물,강원,반출,416677
2022,석탄광물,강원,합계,679331
2022,석탄광물,충북,반입,390455
2022,석탄광물,충북,반출,0
2022,석탄광물,충북,합계,390455
2022,석탄광물,충남,반입,9535283
2022,석탄광물,충남,반출,47886
2022,석탄광물,충남,합계,9583169
2022,석탄광물,전북,반입,122042
2022,석탄광물,전북,반출,0
2022,석탄광물,전북,합계,122042
2022,석탄광물,전남,반입,109854
2022,석탄광물,전남,반출,570483
2022,석탄광물,전남,합계,680337
2022,석탄광물,경북,반입,166556
2022,석탄광물,경북,반출,857343
2022,석탄광물,경북,합계,1023899
2022,석탄광물,경남,반입,100587
2022,석탄광물,경남,반출,0
2022,석탄광물,경남,합계,100587
2022,석탄광물,제주,반입,0
2022,석탄광물,제주,반출,0
2022,석탄광물,제주,합계,0
2022,석회석광물,서울,반입,256850
2022,석회석광물,서울,반출,0
2022,석회석광물,서울,합계,256850
2022,석회석광물,부산,반입,24670
2022,석회석광물,부산,반출,1740257
2022,석회석광물,부산,합계,1764927
2022,석회석광물,대구,반입,13886
2022,석회석광물,대구,반출,0
2022,석회석광물,대구,합계,13886
2022,석회석광물,인천,반입,29035
2022,석회석광물,인천,반출,4063520
2022,석회석광물,인천,합계,4092555
2022,석회석광물,광주,반입,4593
2022,석회석광물,광주,반출,0
2022,석회석광물,광주,합계,4593
2022,석회석광물,세종,반입,10100
2022,석회석광물,세종,반출,0
2022,석회석광물,세종,합계,10100
2022,석회석광물,대전,반입,231916
2022,석회석광물,대전,반출,0
2022,석회석광물,대전,합계,231916
2022,석회석광물,울산,반입,22455
2022,석회석광물,울산,반출,108579
2022,석회석광물,울산,합계,131034
2022,석회석광물,경기,반입,3405521
2022,석회석광물,경기,반출,3060329
2022,석회석광물,경기,합계,6465850
2022,석회석광물,강원,반입,31000
2022,석회석광물,강원,반출,327974
2022,석회석광물,강원,합계,358974
2022,석회석광물,충북,반입,2230016
2022,석회석광물,충북,반출,285397
2022,석회석광물,충북,합계,2515413
2022,석회석광물,충남,반입,1682271
2022,석회석광물,충남,반출,636762
2022,석회석광물,충남,합계,2319033
2022,석회석광물,전북,반입,843708
2022,석회석광물,전북,반출,0
2022,석회석광물,전북,합계,843708
2022,석회석광물,전남,반입,417423
2022,석회석광물,전남,반출,619317
2022,석회석광물,전남,합계,1036740
2022,석회석광물,경북,반입,217866
2022,석회석광물,경북,반출,555654
2022,석회석광물,경북,합계,773520
2022,석회석광물,경남,반입,1977083
2022,석회석광물,경남,반출,604
2022,석회석광물,경남,합계,1977687
2022,석회석광물,제주,반입,0
2022,석회석광물,제주,반출,0
2022,석회석광물,제주,합계,0
2022,비금속광물,서울,반입,4322533
2022,비금속광물,서울,반출,420868
2022,비금속광물,서울,합계,4743401
2022,비금속광물,부산,반입,4502006
2022,비금속광물,부산,반출,4113726
2022,비금속광물,부산,합계,8615732
2022,비금속광물,대구,반입,4066028
2022,비금속광물,대구,반출,1126847
2022,비금속광물,대구,합계,5192875
2022,비금속광물,인천,반입,7869254
2022,비금속광물,인천,반출,9154996
2022,비금속광물,인천,합계,17024250
2022,비금속광물,광주,반입,1491966
2022,비금속광물,광주,반출,96442
2022,비금속광물,광주,합계,1588408
2022,비금속광물,세종,반입,2826170
2022,비금속광물,세종,반출,3434148
2022,비금속광물,세종,합계,6260318
2022,비금속광물,대전,반입,2439960
2022,비금속광물,대전,반출,25531
2022,비금속광물,대전,합계,2465491
2022,비금속광물,울산,반입,5034850
2022,비금속광물,울산,반출,3320829
2022,비금속광물,울산,합계,8355679
2022,비금속광물,경기,반입,19716163
2022,비금속광물,경기,반출,47047279
2022,비금속광물,경기,합계,66763442
2022,비금속광물,강원,반입,14645498
2022,비금속광물,강원,반출,17045377
2022,비금속광물,강원,합계,31690875
2022,비금속광물,충북,반입,17549246
2022,비금속광물,충북,반출,8411061
2022,비금속광물,충북,합계,25960307
2022,비금속광물,충남,반입,14204145
2022,비금속광물,충남,반출,13453878
2022,비금속광물,충남,합계,27658023
2022,비금속광물,전북,반입,8640055
2022,비금속광물,전북,반출,10957295
2022,비금속광물,전북,합계,19597350
2022,비금속광물,전남,반입,13054819
2022,비금속광물,전남,반출,8701970
2022,비금속광물,전남,합계,21756789
2022,비금속광물,경북,반입,16153070
2022,비금속광물,경북,반출,8607365
2022,비금속광물,경북,합계,24760435
2022,비금속광물,경남,반입,9962039
2022,비금속광물,경남,반출,10560190
2022,비금속광물,경남,합계,20522229
2022,비금속광물,제주,반입,0
2022,비금속광물,제주,반출,0
2022,비금속광물,제주,합계,0
2022,음식료품,서울,반입,3988488
2022,음식료품,서울,반출,511565
2022,음식료품,서울,합계,4500053
2022,음식료품,부산,반입,1510511
2022,음식료품,부산,반출,515799
2022,음식료품,부산,합계,2026310
2022,음식료품,대구,반입,977049
2022,음식료품,대구,반출,332999
2022,음식료품,대구,합계,1310048
2022,음식료품,인천,반입,1185454
2022,음식료품,인천,반출,2347405
2022,음식료품,인천,합계,3532859
2022,음식료품,광주,반입,566862
2022,음식료품,광주,반출,287348
2022,음식료품,광주,합계,854210
2022,음식료품,세종,반입,241840
2022,음식료품,세종,반출,366469
2022,음식료품,세종,합계,608309
2022,음식료품,대전,반입,720901
2022,음식료품,대전,반출,390530
2022,음식료품,대전,합계,1111431
2022,음식료품,울산,반입,689492
2022,음식료품,울산,반출,173263
2022,음식료품,울산,합계,862755
2022,음식료품,경기,반입,5971964
2022,음식료품,경기,반출,4971486
2022,음식료품,경기,합계,10943450
2022,음식료품,강원,반입,944294
2022,음식료품,강원,반출,4162747
2022,음식료품,강원,합계,5107041
2022,음식료품,충북,반입,2978304
2022,음식료품,충북,반출,1778741
2022,음식료품,충북,합계,4757045
2022,음식료품,충남,반입,2344669
2022,음식료품,충남,반출,7055836
2022,음식료품,충남,합계,9400505
2022,음식료품,전북,반입,2302977
2022,음식료품,전북,반출,2013636
2022,음식료품,전북,합계,4316613
2022,음식료품,전남,반입,1450526
2022,음식료품,전남,반출,1876570
2022,음식료품,전남,합계,3327096
2022,음식료품,경북,반입,1652135
2022,음식료품,경북,반출,2761219
2022,음식료품,경북,합계,4413354
2022,음식료품,경남,반입,2686732
2022,음식료품,경남,반출,666585
2022,음식료품,경남,합계,3353317
2022,음식료품,제주,반입,0
2022,음식료품,제주,반출,0
2022,음식료품,제주,합계,0
2022,담배제품,서울,반입,11197
2022,담배제품,서울,반출,0
2022,담배제품,서울,합계,11197
2022,담배제품,부산,반입,3581
2022,담배제품,부산,반출,1
2022,담배제품,부산,합계,3582
2022,담배제품,대구,반입,2570
2022,담배제품,대구,반출,0
2022,담배제품,대구,합계,2570
2022,담배제품,인천,반입,2908
2022,담배제품,인천,반출,0
2022,담배제품,인천,합계,2908
2022,담배제품,광주,반입,348
2022,담배제품,광주,반출,15372
2022,담배제품,광주,합계,15720
2022,담배제품,세종,반입,170
2022,담배제품,세종,반출,0
2022,담배제품,세종,합계,170
2022,담배제품,대전,반입,3344
2022,담배제품,대전,반출,9588
2022,담배제품,대전,합계,12932
2022,담배제품,울산,반입,1336
2022,담배제품,울산,반출,0
2022,담배제품,울산,합계,1336
2022,담배제품,경기,반입,12450
2022,담배제품,경기,반출,3
2022,담배제품,경기,합계,12453
2022,담배제품,강원,반입,1597
2022,담배제품,강원,반출,0
2022,담배제품,강원,합계,1597
2022,담배제품,충북,반입,1529
2022,담배제품,충북,반출,0
2022,담배제품,충북,합계,1529
2022,담배제품,충남,반입,1883
2022,담배제품,충남,반출,0
2022,담배제품,충남,합계,1883
2022,담배제품,전북,반입,1793
2022,담배제품,전북,반출,0
2022,담배제품,전북,합계,1793
2022,담배제품,전남,반입,1779
2022,담배제품,전남,반출,0
2022,담배제품,전남,합계,1779
2022,담배제품,경북,반입,2337
2022,담배제품,경북,반출,15403
2022,담배제품,경북,합계,17740
2022,담배제품,경남,반입,3460
2022,담배제품,경남,반출,11915
2022,담배제품,경남,합계,15375
2022,담배제품,제주,반입,0
2022,담배제품,제주,반출,0
2022,담배제품,제주,합계,0
2022,섬유제품; 의복제외,서울,반입,2115980
2022,섬유제품; 의복제외,서울,반출,62876
2022,섬유제품; 의복제외,서울,합계,2178856
2022,섬유제품; 의복제외,부산,반입,187212
2022,섬유제품; 의복제외,부산,반출,123199
2022,섬유제품; 의복제외,부산,합계,310411
2022,섬유제품; 의복제외,대구,반입,90940
2022,섬유제품; 의복제외,대구,반출,726879
2022,섬유제품; 의복제외,대구,합계,817819
2022,섬유제품; 의복제외,인천,반입,134281
2022,섬유제품; 의복제외,인천,반출,30506
2022,섬유제품; 의복제외,인천,합계,164787
2022,섬유제품; 의복제외,광주,반입,66397
2022,섬유제품; 의복제외,광주,반출,23328
2022,섬유제품; 의복제외,광주,합계,89725
2022,섬유제품; 의복제외,세종,반입,9552
2022,섬유제품; 의복제외,세종,반출,3229
2022,섬유제품; 의복제외,세종,합계,12781
2022,섬유제품; 의복제외,대전,반입,60708
2022,섬유제품; 의복제외,대전,반출,52425
2022,섬유제품; 의복제외,대전,합계,113133
2022,섬유제품; 의복제외,울산,반입,64683
2022,섬유제품; 의복제외,울산,반출,154456
2022,섬유제품; 의복제외,울산,합계,219139
2022,섬유제품; 의복제외,경기,반입,487469
2022,섬유제품; 의복제외,경기,반출,1424816
2022,섬유제품; 의복제외,경기,합계,1912285
2022,섬유제품; 의복제외,강원,반입,50566
2022,섬유제품; 의복제외,강원,반출,28063
2022,섬유제품; 의복제외,강원,합계,78629
2022,섬유제품; 의복제외,충북,반입,95725
2022,섬유제품; 의복제외,충북,반출,133444
2022,섬유제품; 의복제외,충북,합계,229169
2022,섬유제품; 의복제외,충남,반입,132771
2022,섬유제품; 의복제외,충남,반출,197075
2022,섬유제품; 의복제외,충남,합계,329846
2022,섬유제품; 의복제외,전북,반입,98219
2022,섬유제품; 의복제외,전북,반출,50356
2022,섬유제품; 의복제외,전북,합계,148575
2022,섬유제품; 의복제외,전남,반입,81691
2022,섬유제품; 의복제외,전남,반출,72036
2022,섬유제품; 의복제외,전남,합계,153727
2022,섬유제품; 의복제외,경북,반입,192488
2022,섬유제품; 의복제외,경북,반출,811688
2022,섬유제품; 의복제외,경북,합계,1004176
2022,섬유제품; 의복제외,경남,반입,204557
2022,섬유제품; 의복제외,경남,반출,178863
2022,섬유제품; 의복제외,경남,합계,383420
2022,섬유제품; 의복제외,제주,반입,0
2022,섬유제품; 의복제외,제주,반출,0
2022,섬유제품; 의복제외,제주,합계,0
2022,"의복, 의복 액세서리 및 모피제품",서울,반입,104598
2022,"의복, 의복 액세서리 및 모피제품",서울,반출,664409
2022,"의복, 의복 액세서리 및 모피제품",서울,합계,769007
2022,"의복, 의복 액세서리 및 모피제품",부산,반입,40928
2022,"의복, 의복 액세서리 및 모피제품",부산,반출,120701
2022,"의복, 의복 액세서리 및 모피제품",부산,합계,161629
2022,"의복, 의복 액세서리 및 모피제품",대구,반입,79712
2022,"의복, 의복 액세서리 및 모피제품",대구,반출,25903
2022,"의복, 의복 액세서리 및 모피제품",대구,합계,105615
2022,"의복, 의복 액세서리 및 모피제품",인천,반입,59473
2022,"의복, 의복 액세서리 및 모피제품",인천,반출,7061
2022,"의복, 의복 액세서리 및 모피제품",인천,합계,66534
2022,"의복, 의복 액세서리 및 모피제품",광주,반입,24792
2022,"의복, 의복 액세서리 및 모피제품",광주,반출,8324
2022,"의복, 의복 액세서리 및 모피제품",광주,합계,33116
2022,"의복, 의복 액세서리 및 모피제품",세종,반입,3545
2022,"의복, 의복 액세서리 및 모피제품",세종,반출,0
2022,"의복, 의복 액세서리 및 모피제품",세종,합계,3545
2022,"의복, 의복 액세서리 및 모피제품",대전,반입,24602
2022,"의복, 의복 액세서리 및 모피제품",대전,반출,10461
2022,"의복, 의복 액세서리 및 모피제품",대전,합계,35063
2022,"의복, 의복 액세서리 및 모피제품",울산,반입,36548
2022,"의복, 의복 액세서리 및 모피제품",울산,반출,1780
2022,"의복, 의복 액세서리 및 모피제품",울산,합계,38328
2022,"의복, 의복 액세서리 및 모피제품",경기,반입,341230
2022,"의복, 의복 액세서리 및 모피제품",경기,반출,95003
2022,"의복, 의복 액세서리 및 모피제품",경기,합계,436233
2022,"의복, 의복 액세서리 및 모피제품",강원,반입,19515
2022,"의복, 의복 액세서리 및 모피제품",강원,반출,17397
2022,"의복, 의복 액세서리 및 모피제품",강원,합계,36912
2022,"의복, 의복 액세서리 및 모피제품",충북,반입,38873
2022,"의복, 의복 액세서리 및 모피제품",충북,반출,6233
2022,"의복, 의복 액세서리 및 모피제품",충북,합계,45106
2022,"의복, 의복 액세서리 및 모피제품",충남,반입,52313
2022,"의복, 의복 액세서리 및 모피제품",충남,반출,26658
2022,"의복, 의복 액세서리 및 모피제품",충남,합계,78971
2022,"의복, 의복 액세서리 및 모피제품",전북,반입,31860
2022,"의복, 의복 액세서리 및 모피제품",전북,반출,49507
2022,"의복, 의복 액세서리 및 모피제품",전북,합계,81367
2022,"의복, 의복 액세서리 및 모피제품",전남,반입,31996
2022,"의복, 의복 액세서리 및 모피제품",전남,반출,7998
2022,"의복, 의복 액세서리 및 모피제품",전남,합계,39994
2022,"의복, 의복 액세서리 및 모피제품",경북,반입,114431
2022,"의복, 의복 액세서리 및 모피제품",경북,반출,11461
2022,"의복, 의복 액세서리 및 모피제품",경북,합계,125892
2022,"의복, 의복 액세서리 및 모피제품",경남,반입,75767
2022,"의복, 의복 액세서리 및 모피제품",경남,반출,27287
2022,"의복, 의복 액세서리 및 모피제품",경남,합계,103054
2022,"의복, 의복 액세서리 및 모피제품",제주,반입,0
2022,"의복, 의복 액세서리 및 모피제품",제주,반출,0
2022,"의복, 의복 액세서리 및 모피제품",제주,합계,0
2022,"가죽, 가방 및 신발제품",서울,반입,63496
2022,"가죽, 가방 및 신발제품",서울,반출,73206
2022,"가죽, 가방 및 신발제품",서울,합계,136702
2022,"가죽, 가방 및 신발제품",부산,반입,41240
2022,"가죽, 가방 및 신발제품",부산,반출,17704
2022,"가죽, 가방 및 신발제품",부산,합계,58944
2022,"가죽, 가방 및 신발제품",대구,반입,5225
2022,"가죽, 가방 및 신발제품",대구,반출,4691
2022,"가죽, 가방 및 신발제품",대구,합계,9916
2022,"가죽, 가방 및 신발제품",인천,반입,13962
2022,"가죽, 가방 및 신발제품",인천,반출,6797
2022,"가죽, 가방 및 신발제품",인천,합계,20759
2022,"가죽, 가방 및 신발제품",광주,반입,2721
2022,"가죽, 가방 및 신발제품",광주,반출,15180
2022,"가죽, 가방 및 신발제품",광주,합계,17901
2022,"가죽, 가방 및 신발제품",세종,반입,303
2022,"가죽, 가방 및 신발제품",세종,반출,5952
2022,"가죽, 가방 및 신발제품",세종,합계,6255
2022,"가죽, 가방 및 신발제품",대전,반입,2834
2022,"가죽, 가방 및 신발제품",대전,반출,4699
2022,"가죽, 가방 및 신발제품",대전,합계,7533
2022,"가죽, 가방 및 신발제품",울산,반입,4178
2022,"가죽, 가방 및 신발제품",울산,반출,7284
2022,"가죽, 가방 및 신발제품",울산,합계,11462
2022,"가죽, 가방 및 신발제품",경기,반입,75658
2022,"가죽, 가방 및 신발제품",경기,반출,67030
2022,"가죽, 가방 및 신발제품",경기,합계,142688
2022,"가죽, 가방 및 신발제품",강원,반입,2542
2022,"가죽, 가방 및 신발제품",강원,반출,362
2022,"가죽, 가방 및 신발제품",강원,합계,2904
2022,"가죽, 가방 및 신발제품",충북,반입,6329
2022,"가죽, 가방 및 신발제품",충북,반출,21442
2022,"가죽, 가방 및 신발제품",충북,합계,27771
2022,"가죽, 가방 및 신발제품",충남,반입,6291
2022,"가죽, 가방 및 신발제품",충남,반출,4688
2022,"가죽, 가방 및 신발제품",충남,합계,10979
2022,"가죽, 가방 및 신발제품",전북,반입,3303
2022,"가죽, 가방 및 신발제품",전북,반출,0
2022,"가죽, 가방 및 신발제품",전북,합계,3303
2022,"가죽, 가방 및 신발제품",전남,반입,18388
2022,"가죽, 가방 및 신발제품",전남,반출,0
2022,"가죽, 가방 및 신발제품",전남,합계,18388
2022,"가죽, 가방 및 신발제품",경북,반입,7311
2022,"가죽, 가방 및 신발제품",경북,반출,2546
2022,"가죽, 가방 및 신발제품",경북,합계,9857
2022,"가죽, 가방 및 신발제품",경남,반입,10335
2022,"가죽, 가방 및 신발제품",경남,반출,32535
2022,"가죽, 가방 및 신발제품",경남,합계,42870
2022,"가죽, 가방 및 신발제품",제주,반입,0
2022,"가죽, 가방 및 신발제품",제주,반출,0
2022,"가죽, 가방 및 신발제품",제주,합계,0
2022,목재 및 나무제품(가구제외),서울,반입,391962
2022,목재 및 나무제품(가구제외),서울,반출,1961
2022,목재 및 나무제품(가구제외),서울,합계,393923
2022,목재 및 나무제품(가구제외),부산,반입,433720
2022,목재 및 나무제품(가구제외),부산,반출,61824
2022,목재 및 나무제품(가구제외),부산,합계,495544
2022,목재 및 나무제품(가구제외),대구,반입,200159
2022,목재 및 나무제품(가구제외),대구,반출,36348
2022,목재 및 나무제품(가구제외),대구,합계,236507
2022,목재 및 나무제품(가구제외),인천,반입,472948
2022,목재 및 나무제품(가구제외),인천,반출,917914
2022,목재 및 나무제품(가구제외),인천,합계,1390862
2022,목재 및 나무제품(가구제외),광주,반입,133073
2022,목재 및 나무제품(가구제외),광주,반출,26972
2022,목재 및 나무제품(가구제외),광주,합계,160045
2022,목재 및 나무제품(가구제외),세종,반입,26234
2022,목재 및 나무제품(가구제외),세종,반출,12147
2022,목재 및 나무제품(가구제외),세종,합계,38381
2022,목재 및 나무제품(가구제외),대전,반입,78446
2022,목재 및 나무제품(가구제외),대전,반출,14790
2022,목재 및 나무제품(가구제외),대전,합계,93236
2022,목재 및 나무제품(가구제외),울산,반입,316760
2022,목재 및 나무제품(가구제외),울산,반출,37919
2022,목재 및 나무제품(가구제외),울산,합계,354679
2022,목재 및 나무제품(가구제외),경기,반입,1836159
2022,목재 및 나무제품(가구제외),경기,반출,698458
2022,목재 및 나무제품(가구제외),경기,합계,2534617
2022,목재 및 나무제품(가구제외),강원,반입,35783
2022,목재 및 나무제품(가구제외),강원,반출,3215728
2022,목재 및 나무제품(가구제외),강원,합계,3251511
2022,목재 및 나무제품(가구제외),충북,반입,391120
2022,목재 및 나무제품(가구제외),충북,반출,76477
2022,목재 및 나무제품(가구제외),충북,합계,467597
2022,목재 및 나무제품(가구제외),충남,반입,448455
2022,목재 및 나무제품(가구제외),충남,반출,229352
2022,목재 및 나무제품(가구제외),충남,합계,677807
2022,목재 및 나무제품(가구제외),전북,반입,190436
2022,목재 및 나무제품(가구제외),전북,반출,643657
2022,목재 및 나무제품(가구제외),전북,합계,834093
2022,목재 및 나무제품(가구제외),전남,반입,291839
2022,목재 및 나무제품(가구제외),전남,반출,28905
2022,목재 및 나무제품(가구제외),전남,합계,320744
2022,목재 및 나무제품(가구제외),경북,반입,579767
2022,목재 및 나무제품(가구제외),경북,반출,178357
2022,목재 및 나무제품(가구제외),경북,합계,758124
2022,목재 및 나무제품(가구제외),경남,반입,632511
2022,목재 및 나무제품(가구제외),경남,반출,278563
2022,목재 및 나무제품(가구제외),경남,합계,911074
2022,목재 및 나무제품(가구제외),제주,반입,0
2022,목재 및 나무제품(가구제외),제주,반출,0
2022,목재 및 나무제품(가구제외),제주,합계,0
2022,"펄프, 종이 및 종이제품",서울,반입,5660503
2022,"펄프, 종이 및 종이제품",서울,반출,29383
2022,"펄프, 종이 및 종이제품",서울,합계,5689886
2022,"펄프, 종이 및 종이제품",부산,반입,1320622
2022,"펄프, 종이 및 종이제품",부산,반출,44516
2022,"펄프, 종이 및 종이제품",부산,합계,1365138
2022,"펄프, 종이 및 종이제품",대구,반입,1528833
2022,"펄프, 종이 및 종이제품",대구,반출,151735
2022,"펄프, 종이 및 종이제품",대구,합계,1680568
2022,"펄프, 종이 및 종이제품",인천,반입,1640330
2022,"펄프, 종이 및 종이제품",인천,반출,110507
2022,"펄프, 종이 및 종이제품",인천,합계,1750837
2022,"펄프, 종이 및 종이제품",광주,반입,676872
2022,"펄프, 종이 및 종이제품",광주,반출,40812
2022,"펄프, 종이 및 종이제품",광주,합계,717684
2022,"펄프, 종이 및 종이제품",세종,반입,606139
2022,"펄프, 종이 및 종이제품",세종,반출,113765
2022,"펄프, 종이 및 종이제품",세종,합계,719904
2022,"펄프, 종이 및 종이제품",대전,반입,1811078
2022,"펄프, 종이 및 종이제품",대전,반출,22282
2022,"펄프, 종이 및 종이제품",대전,합계,1833360
2022,"펄프, 종이 및 종이제품",울산,반입,1653700
2022,"펄프, 종이 및 종이제품",울산,반출,44909
2022,"펄프, 종이 및 종이제품",울산,합계,1698609
2022,"펄프, 종이 및 종이제품",경기,반입,1676723
2022,"펄프, 종이 및 종이제품",경기,반출,19471227
2022,"펄프, 종이 및 종이제품",경기,합계,21147950
2022,"펄프, 종이 및 종이제품",강원,반입,553551
2022,"펄프, 종이 및 종이제품",강원,반출,851787
2022,"펄프, 종이 및 종이제품",강원,합계,1405338
2022,"펄프, 종이 및 종이제품",충북,반입,1421036
2022,"펄프, 종이 및 종이제품",충북,반출,6827691
2022,"펄프, 종이 및 종이제품",충북,합계,8248727
2022,"펄프, 종이 및 종이제품",충남,반입,3568854
2022,"펄프, 종이 및 종이제품",충남,반출,672390
2022,"펄프, 종이 및 종이제품",충남,합계,4241244
2022,"펄프, 종이 및 종이제품",전북,반입,1701665
2022,"펄프, 종이 및 종이제품",전북,반출,1019516
2022,"펄프, 종이 및 종이제품",전북,합계,2721181
2022,"펄프, 종이 및 종이제품",전남,반입,965165
2022,"펄프, 종이 및 종이제품",전남,반출,47648
2022,"펄프, 종이 및 종이제품",전남,합계,1012813
2022,"펄프, 종이 및 종이제품",경북,반입,2512037
2022,"펄프, 종이 및 종이제품",경북,반출,547445
2022,"펄프, 종이 및 종이제품",경북,합계,3059482
2022,"펄프, 종이 및 종이제품",경남,반입,3026413
2022,"펄프, 종이 및 종이제품",경남,반출,327908
2022,"펄프, 종이 및 종이제품",경남,합계,3354321
2022,"펄프, 종이 및 종이제품",제주,반입,0
2022,"펄프, 종이 및 종이제품",제주,반출,0
2022,"펄프, 종이 및 종이제품",제주,합계,0
2022,인쇄 및 기록매체,서울,반입,203524
2022,인쇄 및 기록매체,서울,반출,214645
2022,인쇄 및 기록매체,서울,합계,418169
2022,인쇄 및 기록매체,부산,반입,50957
2022,인쇄 및 기록매체,부산,반출,13888
2022,인쇄 및 기록매체,부산,합계,64845
2022,인쇄 및 기록매체,대구,반입,36645
2022,인쇄 및 기록매체,대구,반출,41492
2022,인쇄 및 기록매체,대구,합계,78137
2022,인쇄 및 기록매체,인천,반입,58920
2022,인쇄 및 기록매체,인천,반출,24676
2022,인쇄 및 기록매체,인천,합계,83596
2022,인쇄 및 기록매체,광주,반입,24350
2022,인쇄 및 기록매체,광주,반출,8428
2022,인쇄 및 기록매체,광주,합계,32778
2022,인쇄 및 기록매체,세종,반입,14614
2022,인쇄 및 기록매체,세종,반출,8942
2022,인쇄 및 기록매체,세종,합계,23556
2022,인쇄 및 기록매체,대전,반입,44613
2022,인쇄 및 기록매체,대전,반출,30163
2022,인쇄 및 기록매체,대전,합계,74776
2022,인쇄 및 기록매체,울산,반입,60690
2022,인쇄 및 기록매체,울산,반출,147
2022,인쇄 및 기록매체,울산,합계,60837
2022,인쇄 및 기록매체,경기,반입,241509
2022,인쇄 및 기록매체,경기,반출,314963
2022,인쇄 및 기록매체,경기,합계,556472
2022,인쇄 및 기록매체,강원,반입,14138
2022,인쇄 및 기록매체,강원,반출,4164
2022,인쇄 및 기록매체,강원,합계,18302
2022,인쇄 및 기록매체,충북,반입,63360
2022,인쇄 및 기록매체,충북,반출,9636
2022,인쇄 및 기록매체,충북,합계,72996
2022,인쇄 및 기록매체,충남,반입,38193
2022,인쇄 및 기록매체,충남,반출,306235
2022,인쇄 및 기록매체,충남,합계,344428
2022,인쇄 및 기록매체,전북,반입,27016
2022,인쇄 및 기록매체,전북,반출,6003
2022,인쇄 및 기록매체,전북,합계,33019
2022,인쇄 및 기록매체,전남,반입,32962
2022,인쇄 및 기록매체,전남,반출,5039
2022,인쇄 및 기록매체,전남,합계,38001
2022,인쇄 및 기록매체,경북,반입,67370
2022,인쇄 및 기록매체,경북,반출,17271
2022,인쇄 및 기록매체,경북,합계,84641
2022,인쇄 및 기록매체,경남,반입,68641
2022,인쇄 및 기록매체,경남,반출,41810
2022,인쇄 및 기록매체,경남,합계,110451
2022,인쇄 및 기록매체,제주,반입,0
2022,인쇄 및 기록매체,제주,반출,0
2022,인쇄 및 기록매체,제주,합계,0
2022,"코크스, 연탄 및 석유정제품",서울,반입,5415243
2022,"코크스, 연탄 및 석유정제품",서울,반출,166807
2022,"코크스, 연탄 및 석유정제품",서울,합계,5582050
2022,"코크스, 연탄 및 석유정제품",부산,반입,1633364
2022,"코크스, 연탄 및 석유정제품",부산,반출,5267227
2022,"코크스, 연탄 및 석유정제품",부산,합계,6900591
2022,"코크스, 연탄 및 석유정제품",대구,반입,564539
2022,"코크스, 연탄 및 석유정제품",대구,반출,11007
2022,"코크스, 연탄 및 석유정제품",대구,합계,575546
2022,"코크스, 연탄 및 석유정제품",인천,반입,2232821
2022,"코크스, 연탄 및 석유정제품",인천,반출,4033541
2022,"코크스, 연탄 및 석유정제품",인천,합계,6266362
2022,"코크스, 연탄 및 석유정제품",광주,반입,2455482
2022,"코크스, 연탄 및 석유정제품",광주,반출,8426
2022,"코크스, 연탄 및 석유정제품",광주,합계,2463908
2022,"코크스, 연탄 및 석유정제품",세종,반입,62408
2022,"코크스, 연탄 및 석유정제품",세종,반출,0
2022,"코크스, 연탄 및 석유정제품",세종,합계,62408
2022,"코크스, 연탄 및 석유정제품",대전,반입,757350
2022,"코크스, 연탄 및 석유정제품",대전,반출,14385
2022,"코크스, 연탄 및 석유정제품",대전,합계,771735
2022,"코크스, 연탄 및 석유정제품",울산,반입,15637438
2022,"코크스, 연탄 및 석유정제품",울산,반출,1293349
2022,"코크스, 연탄 및 석유정제품",울산,합계,16930787
2022,"코크스, 연탄 및 석유정제품",경기,반입,4186620
2022,"코크스, 연탄 및 석유정제품",경기,반출,1001349
2022,"코크스, 연탄 및 석유정제품",경기,합계,5187969
2022,"코크스, 연탄 및 석유정제품",강원,반입,336194
2022,"코크스, 연탄 및 석유정제품",강원,반출,1604271
2022,"코크스, 연탄 및 석유정제품",강원,합계,1940465
2022,"코크스, 연탄 및 석유정제품",충북,반입,105146
2022,"코크스, 연탄 및 석유정제품",충북,반출,20473168
2022,"코크스, 연탄 및 석유정제품",충북,합계,20578314
2022,"코크스, 연탄 및 석유정제품",충남,반입,3762907
2022,"코크스, 연탄 및 석유정제품",충남,반출,3032594
2022,"코크스, 연탄 및 석유정제품",충남,합계,6795501
2022,"코크스, 연탄 및 석유정제품",전북,반입,622447
2022,"코크스, 연탄 및 석유정제품",전북,반출,211532
2022,"코크스, 연탄 및 석유정제품",전북,합계,833979
2022,"코크스, 연탄 및 석유정제품",전남,반입,5678698
2022,"코크스, 연탄 및 석유정제품",전남,반출,4183204
2022,"코크스, 연탄 및 석유정제품",전남,합계,9861902
2022,"코크스, 연탄 및 석유정제품",경북,반입,1092206
2022,"코크스, 연탄 및 석유정제품",경북,반출,1114375
2022,"코크스, 연탄 및 석유정제품",경북,합계,2206581
2022,"코크스, 연탄 및 석유정제품",경남,반입,2375291
2022,"코크스, 연탄 및 석유정제품",경남,반출,4502919
2022,"코크스, 연탄 및 석유정제품",경남,합계,6878210
2022,"코크스, 연탄 및 석유정제품",제주,반입,0
2022,"코크스, 연탄 및 석유정제품",제주,반출,0
2022,"코크스, 연탄 및 석유정제품",제주,합계,0
2022,화합물 및 화학제품,서울,반입,1415604
2022,화합물 및 화학제품,서울,반출,106877
2022,화합물 및 화학제품,서울,합계,1522481
2022,화합물 및 화학제품,부산,반입,1173765
2022,화합물 및 화학제품,부산,반출,161486
2022,화합물 및 화학제품,부산,합계,1335251
2022,화합물 및 화학제품,대구,반입,960941
2022,화합물 및 화학제품,대구,반출,21327
2022,화합물 및 화학제품,대구,합계,982268
2022,화합물 및 화학제품,인천,반입,2126771
2022,화합물 및 화학제품,인천,반출,814739
2022,화합물 및 화학제품,인천,합계,2941510
2022,화합물 및 화학제품,광주,반입,577724
2022,화합물 및 화학제품,광주,반출,65710
2022,화합물 및 화학제품,광주,합계,643434
2022,화합물 및 화학제품,세종,반입,311134
2022,화합물 및 화학제품,세종,반출,449077
2022,화합물 및 화학제품,세종,합계,760211
2022,화합물 및 화학제품,대전,반입,816542
2022,화합물 및 화학제품,대전,반출,50892
2022,화합물 및 화학제품,대전,합계,867434
2022,화합물 및 화학제품,울산,반입,7829099
2022,화합물 및 화학제품,울산,반출,700223
2022,화합물 및 화학제품,울산,합계,8529322
2022,화합물 및 화학제품,경기,반입,2230256
2022,화합물 및 화학제품,경기,반출,22021203
2022,화합물 및 화학제품,경기,합계,24251459
2022,화합물 및 화학제품,강원,반입,369612
2022,화합물 및 화학제품,강원,반출,1944181
2022,화합물 및 화학제품,강원,합계,2313793
2022,화합물 및 화학제품,충북,반입,2190167
2022,화합물 및 화학제품,충북,반출,3066565
2022,화합물 및 화학제품,충북,합계,5256732
2022,화합물 및 화학제품,충남,반입,6566466
2022,화합물 및 화학제품,충남,반출,1967634
2022,화합물 및 화학제품,충남,합계,8534100
2022,화합물 및 화학제품,전북,반입,1478797
2022,화합물 및 화학제품,전북,반출,4160022
2022,화합물 및 화학제품,전북,합계,5638819
2022,화합물 및 화학제품,전남,반입,6844295
2022,화합물 및 화학제품,전남,반출,2914457
2022,화합물 및 화학제품,전남,합계,9758752
2022,화합물 및 화학제품,경북,반입,3524304
2022,화합물 및 화학제품,경북,반출,1414337
2022,화합물 및 화학제품,경북,합계,4938641
2022,화합물 및 화학제품,경남,반입,2340698
2022,화합물 및 화학제품,경남,반출,897445
2022,화합물 및 화학제품,경남,합계,3238143
2022,화합물 및 화학제품,제주,반입,0
2022,화합물 및 화학제품,제주,반출,0
2022,화합물 및 화학제품,제주,합계,0
2022,고무제품 및 플라스틱 제품,서울,반입,727080
2022,고무제품 및 플라스틱 제품,서울,반출,196954
2022,고무제품 및 플라스틱 제품,서울,합계,924034
2022,고무제품 및 플라스틱 제품,부산,반입,436052
2022,고무제품 및 플라스틱 제품,부산,반출,424396
2022,고무제품 및 플라스틱 제품,부산,합계,860448
2022,고무제품 및 플라스틱 제품,대구,반입,302173
2022,고무제품 및 플라스틱 제품,대구,반출,333330
2022,고무제품 및 플라스틱 제품,대구,합계,635503
2022,고무제품 및 플라스틱 제품,인천,반입,580525
2022,고무제품 및 플라스틱 제품,인천,반출,235554
2022,고무제품 및 플라스틱 제품,인천,합계,816079
2022,고무제품 및 플라스틱 제품,광주,반입,194235
2022,고무제품 및 플라스틱 제품,광주,반출,1478023
2022,고무제품 및 플라스틱 제품,광주,합계,1672258
2022,고무제품 및 플라스틱 제품,세종,반입,101693
2022,고무제품 및 플라스틱 제품,세종,반출,143080
2022,고무제품 및 플라스틱 제품,세종,합계,244773
2022,고무제품 및 플라스틱 제품,대전,반입,382781
2022,고무제품 및 플라스틱 제품,대전,반출,20400
2022,고무제품 및 플라스틱 제품,대전,합계,403181
2022,고무제품 및 플라스틱 제품,울산,반입,570297
2022,고무제품 및 플라스틱 제품,울산,반출,352835
2022,고무제품 및 플라스틱 제품,울산,합계,923132
2022,고무제품 및 플라스틱 제품,경기,반입,1999866
2022,고무제품 및 플라스틱 제품,경기,반출,2046762
2022,고무제품 및 플라스틱 제품,경기,합계,4046628
2022,고무제품 및 플라스틱 제품,강원,반입,154417
2022,고무제품 및 플라스틱 제품,강원,반출,122093
2022,고무제품 및 플라스틱 제품,강원,합계,276510
2022,고무제품 및 플라스틱 제품,충북,반입,702033
2022,고무제품 및 플라스틱 제품,충북,반출,633008
2022,고무제품 및 플라스틱 제품,충북,합계,1335041
2022,고무제품 및 플라스틱 제품,충남,반입,1086282
2022,고무제품 및 플라스틱 제품,충남,반출,1233663
2022,고무제품 및 플라스틱 제품,충남,합계,2319945
2022,고무제품 및 플라스틱 제품,전북,반입,341895
2022,고무제품 및 플라스틱 제품,전북,반출,294178
2022,고무제품 및 플라스틱 제품,전북,합계,636073
2022,고무제품 및 플라스틱 제품,전남,반입,294383
2022,고무제품 및 플라스틱 제품,전남,반출,485506
2022,고무제품 및 플라스틱 제품,전남,합계,779889
2022,고무제품 및 플라스틱 제품,경북,반입,1132518
2022,고무제품 및 플라스틱 제품,경북,반출,1010598
2022,고무제품 및 플라스틱 제품,경북,합계,2143116
2022,고무제품 및 플라스틱 제품,경남,반입,1074277
2022,고무제품 및 플라스틱 제품,경남,반출,1070127
2022,고무제품 및 플라스틱 제품,경남,합계,2144404
2022,고무제품 및 플라스틱 제품,제주,반입,0
2022,고무제품 및 플라스틱 제품,제주,반출,0
2022,고무제품 및 플라스틱 제품,제주,합계,0
2022,비금속 광물제품,서울,반입,5159584
2022,비금속 광물제품,서울,반출,155489
2022,비금속 광물제품,서울,합계,5315073
2022,비금속 광물제품,부산,반입,4815254
2022,비금속 광물제품,부산,반출,4939706
2022,비금속 광물제품,부산,합계,9754960
2022,비금속 광물제품,대구,반입,2175539
2022,비금속 광물제품,대구,반출,6456505
2022,비금속 광물제품,대구,합계,8632044
2022,비금속 광물제품,인천,반입,4576361
2022,비금속 광물제품,인천,반출,21258383
2022,비금속 광물제품,인천,합계,25834744
2022,비금속 광물제품,광주,반입,4032673
2022,비금속 광물제품,광주,반출,314998
2022,비금속 광물제품,광주,합계,4347671
2022,비금속 광물제품,세종,반입,2856892
2022,비금속 광물제품,세종,반출,3628401
2022,비금속 광물제품,세종,합계,6485293
2022,비금속 광물제품,대전,반입,3631622
2022,비금속 광물제품,대전,반출,220484
2022,비금속 광물제품,대전,합계,3852106
2022,비금속 광물제품,울산,반입,8833353
2022,비금속 광물제품,울산,반출,1549713
2022,비금속 광물제품,울산,합계,10383066
2022,비금속 광물제품,경기,반입,38590273
2022,비금속 광물제품,경기,반출,32256636
2022,비금속 광물제품,경기,합계,70846909
2022,비금속 광물제품,강원,반입,5457048
2022,비금속 광물제품,강원,반출,28724852
2022,비금속 광물제품,강원,합계,34181900
2022,비금속 광물제품,충북,반입,12370798
2022,비금속 광물제품,충북,반출,27003621
2022,비금속 광물제품,충북,합계,39374419
2022,비금속 광물제품,충남,반입,27747875
2022,비금속 광물제품,충남,반출,15466584
2022,비금속 광물제품,충남,합계,43214459
2022,비금속 광물제품,전북,반입,5363756
2022,비금속 광물제품,전북,반출,16094341
2022,비금속 광물제품,전북,합계,21458097
2022,비금속 광물제품,전남,반입,8508649
2022,비금속 광물제품,전남,반출,11755620
2022,비금속 광물제품,전남,합계,20264269
2022,비금속 광물제품,경북,반입,28744566
2022,비금속 광물제품,경북,반출,8881367
2022,비금속 광물제품,경북,합계,37625933
2022,비금속 광물제품,경남,반입,17255789
2022,비금속 광물제품,경남,반출,1413332
2022,비금속 광물제품,경남,합계,18669121
2022,비금속 광물제품,제주,반입,0
2022,비금속 광물제품,제주,반출,0
2022,비금속 광물제품,제주,합계,0
2022,제1차 금속 제품,서울,반입,730777
2022,제1차 금속 제품,서울,반출,13453
2022,제1차 금속 제품,서울,합계,744230
2022,제1차 금속 제품,부산,반입,2132440
2022,제1차 금속 제품,부산,반출,2006034
2022,제1차 금속 제품,부산,합계,4138474
2022,제1차 금속 제품,대구,반입,858080
2022,제1차 금속 제품,대구,반출,541889
2022,제1차 금속 제품,대구,합계,1399969
2022,제1차 금속 제품,인천,반입,795483
2022,제1차 금속 제품,인천,반출,7693798
2022,제1차 금속 제품,인천,합계,8489281
2022,제1차 금속 제품,광주,반입,610011
2022,제1차 금속 제품,광주,반출,1445032
2022,제1차 금속 제품,광주,합계,2055043
2022,제1차 금속 제품,세종,반입,92324
2022,제1차 금속 제품,세종,반출,567603
2022,제1차 금속 제품,세종,합계,659927
2022,제1차 금속 제품,대전,반입,359647
2022,제1차 금속 제품,대전,반출,32220
2022,제1차 금속 제품,대전,합계,391867
2022,제1차 금속 제품,울산,반입,4400362
2022,제1차 금속 제품,울산,반출,428917
2022,제1차 금속 제품,울산,합계,4829279
2022,제1차 금속 제품,경기,반입,8452540
2022,제1차 금속 제품,경기,반출,9357478
2022,제1차 금속 제품,경기,합계,17810018
2022,제1차 금속 제품,강원,반입,262527
2022,제1차 금속 제품,강원,반출,718223
2022,제1차 금속 제품,강원,합계,980750
2022,제1차 금속 제품,충북,반입,1450139
2022,제1차 금속 제품,충북,반출,672714
2022,제1차 금속 제품,충북,합계,2122853
2022,제1차 금속 제품,충남,반입,7462224
2022,제1차 금속 제품,충남,반출,8063302
2022,제1차 금속 제품,충남,합계,15525526
2022,제1차 금속 제품,전북,반입,1192982
2022,제1차 금속 제품,전북,반출,333815
2022,제1차 금속 제품,전북,합계,1526797
2022,제1차 금속 제품,전남,반입,3758454
2022,제1차 금속 제품,전남,반출,569396
2022,제1차 금속 제품,전남,합계,4327850
2022,제1차 금속 제품,경북,반입,3901672
2022,제1차 금속 제품,경북,반출,6191233
2022,제1차 금속 제품,경북,합계,10092905
2022,제1차 금속 제품,경남,반입,4345880
2022,제1차 금속 제품,경남,반출,2170435
2022,제1차 금속 제품,경남,합계,6516315
2022,제1차 금속 제품,제주,반입,0
2022,제1차 금속 제품,제주,반출,0
2022,제1차 금속 제품,제주,합계,0
2022,금속가공 제품:기계 및 가구제외,서울,반입,1717520
2022,금속가공 제품:기계 및 가구제외,서울,반출,514663
2022,금속가공 제품:기계 및 가구제외,서울,합계,2232183
2022,금속가공 제품:기계 및 가구제외,부산,반입,1595534
2022,금속가공 제품:기계 및 가구제외,부산,반출,818362
2022,금속가공 제품:기계 및 가구제외,부산,합계,2413896
2022,금속가공 제품:기계 및 가구제외,대구,반입,999732
2022,금속가공 제품:기계 및 가구제외,대구,반출,1294984
2022,금속가공 제품:기계 및 가구제외,대구,합계,2294716
2022,금속가공 제품:기계 및 가구제외,인천,반입,1551971
2022,금속가공 제품:기계 및 가구제외,인천,반출,1547239
2022,금속가공 제품:기계 및 가구제외,인천,합계,3099210
2022,금속가공 제품:기계 및 가구제외,광주,반입,780716
2022,금속가공 제품:기계 및 가구제외,광주,반출,559389
2022,금속가공 제품:기계 및 가구제외,광주,합계,1340105
2022,금속가공 제품:기계 및 가구제외,세종,반입,102207
2022,금속가공 제품:기계 및 가구제외,세종,반출,63072
2022,금속가공 제품:기계 및 가구제외,세종,합계,165279
2022,금속가공 제품:기계 및 가구제외,대전,반입,509697
2022,금속가공 제품:기계 및 가구제외,대전,반출,147061
2022,금속가공 제품:기계 및 가구제외,대전,합계,656758
2022,금속가공 제품:기계 및 가구제외,울산,반입,3312635
2022,금속가공 제품:기계 및 가구제외,울산,반출,625097
2022,금속가공 제품:기계 및 가구제외,울산,합계,3937732
2022,금속가공 제품:기계 및 가구제외,경기,반입,5020537
2022,금속가공 제품:기계 및 가구제외,경기,반출,5226143
2022,금속가공 제품:기계 및 가구제외,경기,합계,10246680
2022,금속가공 제품:기계 및 가구제외,강원,반입,498265
2022,금속가공 제품:기계 및 가구제외,강원,반출,326072
2022,금속가공 제품:기계 및 가구제외,강원,합계,824337
2022,금속가공 제품:기계 및 가구제외,충북,반입,1254773
2022,금속가공 제품:기계 및 가구제외,충북,반출,2620700
2022,금속가공 제품:기계 및 가구제외,충북,합계,3875473
2022,금속가공 제품:기계 및 가구제외,충남,반입,1811068
2022,금속가공 제품:기계 및 가구제외,충남,반출,5581159
2022,금속가공 제품:기계 및 가구제외,충남,합계,7392227
2022,금속가공 제품:기계 및 가구제외,전북,반입,819985
2022,금속가공 제품:기계 및 가구제외,전북,반출,1021568
2022,금속가공 제품:기계 및 가구제외,전북,합계,1841553
2022,금속가공 제품:기계 및 가구제외,전남,반입,1101741
2022,금속가공 제품:기계 및 가구제외,전남,반출,1085739
2022,금속가공 제품:기계 및 가구제외,전남,합계,2187480
2022,금속가공 제품:기계 및 가구제외,경북,반입,2520598
2022,금속가공 제품:기계 및 가구제외,경북,반출,2634780
2022,금속가공 제품:기계 및 가구제외,경북,합계,5155378
2022,금속가공 제품:기계 및 가구제외,경남,반입,4395941
2022,금속가공 제품:기계 및 가구제외,경남,반출,3926892
2022,금속가공 제품:기계 및 가구제외,경남,합계,8322833
2022,금속가공 제품:기계 및 가구제외,제주,반입,0
2022,금속가공 제품:기계 및 가구제외,제주,반출,0
2022,금속가공 제품:기계 및 가구제외,제주,합계,0
2022,기타기계 및 장비제조품,서울,반입,729379
2022,기타기계 및 장비제조품,서울,반출,166678
2022,기타기계 및 장비제조품,서울,합계,896057
2022,기타기계 및 장비제조품,부산,반입,565271
2022,기타기계 및 장비제조품,부산,반출,487539
2022,기타기계 및 장비제조품,부산,합계,1052810
2022,기타기계 및 장비제조품,대구,반입,367888
2022,기타기계 및 장비제조품,대구,반출,688139
2022,기타기계 및 장비제조품,대구,합계,1056027
2022,기타기계 및 장비제조품,인천,반입,713303
2022,기타기계 및 장비제조품,인천,반출,747621
2022,기타기계 및 장비제조품,인천,합계,1460924
2022,기타기계 및 장비제조품,광주,반입,222820
2022,기타기계 및 장비제조품,광주,반출,597781
2022,기타기계 및 장비제조품,광주,합계,820601
2022,기타기계 및 장비제조품,세종,반입,28830
2022,기타기계 및 장비제조품,세종,반출,23061
2022,기타기계 및 장비제조품,세종,합계,51891
2022,기타기계 및 장비제조품,대전,반입,259145
2022,기타기계 및 장비제조품,대전,반출,92893
2022,기타기계 및 장비제조품,대전,합계,352038
2022,기타기계 및 장비제조품,울산,반입,1149696
2022,기타기계 및 장비제조품,울산,반출,200922
2022,기타기계 및 장비제조품,울산,합계,1350618
2022,기타기계 및 장비제조품,경기,반입,3006901
2022,기타기계 및 장비제조품,경기,반출,1340822
2022,기타기계 및 장비제조품,경기,합계,4347723
2022,기타기계 및 장비제조품,강원,반입,94974
2022,기타기계 및 장비제조품,강원,반출,185980
2022,기타기계 및 장비제조품,강원,합계,280954
2022,기타기계 및 장비제조품,충북,반입,422600
2022,기타기계 및 장비제조품,충북,반출,810520
2022,기타기계 및 장비제조품,충북,합계,1233120
2022,기타기계 및 장비제조품,충남,반입,904193
2022,기타기계 및 장비제조품,충남,반출,1309406
2022,기타기계 및 장비제조품,충남,합계,2213599
2022,기타기계 및 장비제조품,전북,반입,337333
2022,기타기계 및 장비제조품,전북,반출,339065
2022,기타기계 및 장비제조품,전북,합계,676398
2022,기타기계 및 장비제조품,전남,반입,584897
2022,기타기계 및 장비제조품,전남,반출,338648
2022,기타기계 및 장비제조품,전남,합계,923545
2022,기타기계 및 장비제조품,경북,반입,560494
2022,기타기계 및 장비제조품,경북,반출,2147118
2022,기타기계 및 장비제조품,경북,합계,2707612
2022,기타기계 및 장비제조품,경남,반입,1566513
2022,기타기계 및 장비제조품,경남,반출,2038044
2022,기타기계 및 장비제조품,경남,합계,3604557
2022,기타기계 및 장비제조품,제주,반입,0
2022,기타기계 및 장비제조품,제주,반출,0
2022,기타기계 및 장비제조품,제주,합계,0
2022,"전자부품, 컴퓨터, 영상, 음향 및 통신장비",서울,반입,201853
2022,"전자부품, 컴퓨터, 영상, 음향 및 통신장비",서울,반출,126793
2022,"전자부품, 컴퓨터, 영상, 음향 및 통신장비",서울,합계,328646
2022,"전자부품, 컴퓨터, 영상, 음향 및 통신장비",부산,반입,65549
2022,"전자부품, 컴퓨터, 영상, 음향 및 통신장비",부산,반출,27679
2022,"전자부품, 컴퓨터, 영상, 음향 및 통신장비",부산,합계,93228
2022,"전자부품, 컴퓨터, 영상, 음향 및 통신장비",대구,반입,44837
2022,"전자부품, 컴퓨터, 영상, 음향 및 통신장비",대구,반출,42817
2022,"전자부품, 컴퓨터, 영상, 음향 및 통신장비",대구,합계,87654
2022,"전자부품, 컴퓨터, 영상, 음향 및 통신장비",인천,반입,120936
2022,"전자부품, 컴퓨터, 영상, 음향 및 통신장비",인천,반출,150537
2022,"전자부품, 컴퓨터, 영상, 음향 및 통신장비",인천,합계,271473
2022,"전자부품, 컴퓨터, 영상, 음향 및 통신장비",광주,반입,19432
2022,"전자부품, 컴퓨터, 영상, 음향 및 통신장비",광주,반출,178544
2022,"전자부품, 컴퓨터, 영상, 음향 및 통신장비",광주,합계,197976
2022,"전자부품, 컴퓨터, 영상, 음향 및 통신장비",세종,반입,17258
2022,"전자부품, 컴퓨터, 영상, 음향 및 통신장비",세종,반출,16616
2022,"전자부품, 컴퓨터, 영상, 음향 및 통신장비",세종,합계,33874
2022,"전자부품, 컴퓨터, 영상, 음향 및 통신장비",대전,반입,53204
2022,"전자부품, 컴퓨터, 영상, 음향 및 통신장비",대전,반출,85626
2022,"전자부품, 컴퓨터, 영상, 음향 및 통신장비",대전,합계,138830
2022,"전자부품, 컴퓨터, 영상, 음향 및 통신장비",울산,반입,48582
2022,"전자부품, 컴퓨터, 영상, 음향 및 통신장비",울산,반출,7141
2022,"전자부품, 컴퓨터, 영상, 음향 및 통신장비",울산,합계,55723
2022,"전자부품, 컴퓨터, 영상, 음향 및 통신장비",경기,반입,484207
2022,"전자부품, 컴퓨터, 영상, 음향 및 통신장비",경기,반출,1718320
2022,"전자부품, 컴퓨터, 영상, 음향 및 통신장비",경기,합계,2202527
2022,"전자부품, 컴퓨터, 영상, 음향 및 통신장비",강원,반입,16758
2022,"전자부품, 컴퓨터, 영상, 음향 및 통신장비",강원,반출,15
2022,"전자부품, 컴퓨터, 영상, 음향 및 통신장비",강원,합계,16773
2022,"전자부품, 컴퓨터, 영상, 음향 및 통신장비",충북,반입,279092
2022,"전자부품, 컴퓨터, 영상, 음향 및 통신장비",충북,반출,228298
2022,"전자부품, 컴퓨터, 영상, 음향 및 통신장비",충북,합계,507390
2022,"전자부품, 컴퓨터, 영상, 음향 및 통신장비",충남,반입,703458
2022,"전자부품, 컴퓨터, 영상, 음향 및 통신장비",충남,반출,259860
2022,"전자부품, 컴퓨터, 영상, 음향 및 통신장비",충남,합계,963318
2022,"전자부품, 컴퓨터, 영상, 음향 및 통신장비",전북,반입,31811
2022,"전자부품, 컴퓨터, 영상, 음향 및 통신장비",전북,반출,58662
2022,"전자부품, 컴퓨터, 영상, 음향 및 통신장비",전북,합계,90473
2022,"전자부품, 컴퓨터, 영상, 음향 및 통신장비",전남,반입,32234
2022,"전자부품, 컴퓨터, 영상, 음향 및 통신장비",전남,반출,9136
2022,"전자부품, 컴퓨터, 영상, 음향 및 통신장비",전남,합계,41370
2022,"전자부품, 컴퓨터, 영상, 음향 및 통신장비",경북,반입,932583
2022,"전자부품, 컴퓨터, 영상, 음향 및 통신장비",경북,반출,85676
2022,"전자부품, 컴퓨터, 영상, 음향 및 통신장비",경북,합계,1018259
2022,"전자부품, 컴퓨터, 영상, 음향 및 통신장비",경남,반입,63560
2022,"전자부품, 컴퓨터, 영상, 음향 및 통신장비",경남,반출,119634
2022,"전자부품, 컴퓨터, 영상, 음향 및 통신장비",경남,합계,183194
2022,"전자부품, 컴퓨터, 영상, 음향 및 통신장비",제주,반입,0
2022,"전자부품, 컴퓨터, 영상, 음향 및 통신장비",제주,반출,0
2022,"전자부품, 컴퓨터, 영상, 음향 및 통신장비",제주,합계,0
2022,전기장비 제품,서울,반입,488798
2022,전기장비 제품,서울,반출,31397
2022,전기장비 제품,서울,합계,520195
2022,전기장비 제품,부산,반입,205036
2022,전기장비 제품,부산,반출,171739
2022,전기장비 제품,부산,합계,376775
2022,전기장비 제품,대구,반입,162082
2022,전기장비 제품,대구,반출,108570
2022,전기장비 제품,대구,합계,270652
2022,전기장비 제품,인천,반입,293619
2022,전기장비 제품,인천,반출,217503
2022,전기장비 제품,인천,합계,511122
2022,전기장비 제품,광주,반입,156184
2022,전기장비 제품,광주,반출,441438
2022,전기장비 제품,광주,합계,597622
2022,전기장비 제품,세종,반입,40031
2022,전기장비 제품,세종,반출,133688
2022,전기장비 제품,세종,합계,173719
2022,전기장비 제품,대전,반입,107482
2022,전기장비 제품,대전,반출,98669
2022,전기장비 제품,대전,합계,206151
2022,전기장비 제품,울산,반입,560837
2022,전기장비 제품,울산,반출,106038
2022,전기장비 제품,울산,합계,666875
2022,전기장비 제품,경기,반입,1282789
2022,전기장비 제품,경기,반출,712797
2022,전기장비 제품,경기,합계,1995586
2022,전기장비 제품,강원,반입,59309
2022,전기장비 제품,강원,반출,105735
2022,전기장비 제품,강원,합계,165044
2022,전기장비 제품,충북,반입,248097
2022,전기장비 제품,충북,반출,1284406
2022,전기장비 제품,충북,합계,1532503
2022,전기장비 제품,충남,반입,549762
2022,전기장비 제품,충남,반출,613674
2022,전기장비 제품,충남,합계,1163436
2022,전기장비 제품,전북,반입,131987
2022,전기장비 제품,전북,반출,113204
2022,전기장비 제품,전북,합계,245191
2022,전기장비 제품,전남,반입,126880
2022,전기장비 제품,전남,반출,106689
2022,전기장비 제품,전남,합계,233569
2022,전기장비 제품,경북,반입,417151
2022,전기장비 제품,경북,반출,630147
2022,전기장비 제품,경북,합계,1047298
2022,전기장비 제품,경남,반입,596146
2022,전기장비 제품,경남,반출,550496
2022,전기장비 제품,경남,합계,1146642
2022,전기장비 제품,제주,반입,0
2022,전기장비 제품,제주,반출,0
2022,전기장비 제품,제주,합계,0
2022,"의료,정밀,광학기기및시계",서울,반입,86712
2022,"의료,정밀,광학기기및시계",서울,반출,233486
2022,"의료,정밀,광학기기및시계",서울,합계,320198
2022,"의료,정밀,광학기기및시계",부산,반입,44107
2022,"의료,정밀,광학기기및시계",부산,반출,38040
2022,"의료,정밀,광학기기및시계",부산,합계,82147
2022,"의료,정밀,광학기기및시계",대구,반입,38948
2022,"의료,정밀,광학기기및시계",대구,반출,54297
2022,"의료,정밀,광학기기및시계",대구,합계,93245
2022,"의료,정밀,광학기기및시계",인천,반입,63004
2022,"의료,정밀,광학기기및시계",인천,반출,14697
2022,"의료,정밀,광학기기및시계",인천,합계,77701
2022,"의료,정밀,광학기기및시계",광주,반입,19344
2022,"의료,정밀,광학기기및시계",광주,반출,21773
2022,"의료,정밀,광학기기및시계",광주,합계,41117
2022,"의료,정밀,광학기기및시계",세종,반입,17575
2022,"의료,정밀,광학기기및시계",세종,반출,4048
2022,"의료,정밀,광학기기및시계",세종,합계,21623
2022,"의료,정밀,광학기기및시계",대전,반입,12056
2022,"의료,정밀,광학기기및시계",대전,반출,204721
2022,"의료,정밀,광학기기및시계",대전,합계,216777
2022,"의료,정밀,광학기기및시계",울산,반입,55683
2022,"의료,정밀,광학기기및시계",울산,반출,15034
2022,"의료,정밀,광학기기및시계",울산,합계,70717
2022,"의료,정밀,광학기기및시계",경기,반입,347004
2022,"의료,정밀,광학기기및시계",경기,반출,170205
2022,"의료,정밀,광학기기및시계",경기,합계,517209
2022,"의료,정밀,광학기기및시계",강원,반입,31207
2022,"의료,정밀,광학기기및시계",강원,반출,9211
2022,"의료,정밀,광학기기및시계",강원,합계,40418
2022,"의료,정밀,광학기기및시계",충북,반입,74243
2022,"의료,정밀,광학기기및시계",충북,반출,57093
2022,"의료,정밀,광학기기및시계",충북,합계,131336
2022,"의료,정밀,광학기기및시계",충남,반입,93383
2022,"의료,정밀,광학기기및시계",충남,반출,46518
2022,"의료,정밀,광학기기및시계",충남,합계,139901
2022,"의료,정밀,광학기기및시계",전북,반입,19279
2022,"의료,정밀,광학기기및시계",전북,반출,15674
2022,"의료,정밀,광학기기및시계",전북,합계,34953
2022,"의료,정밀,광학기기및시계",전남,반입,40008
2022,"의료,정밀,광학기기및시계",전남,반출,10286
2022,"의료,정밀,광학기기및시계",전남,합계,50294
2022,"의료,정밀,광학기기및시계",경북,반입,112555
2022,"의료,정밀,광학기기및시계",경북,반출,45387
2022,"의료,정밀,광학기기및시계",경북,합계,157942
2022,"의료,정밀,광학기기및시계",경남,반입,60922
2022,"의료,정밀,광학기기및시계",경남,반출,175560
2022,"의료,정밀,광학기기및시계",경남,합계,236482
2022,"의료,정밀,광학기기및시계",제주,반입,0
2022,"의료,정밀,광학기기및시계",제주,반출,0
2022,"의료,정밀,광학기기및시계",제주,합계,0
2022,자동차 및 트레일러,서울,반입,1531923
2022,자동차 및 트레일러,서울,반출,4959
2022,자동차 및 트레일러,서울,합계,1536882
2022,자동차 및 트레일러,부산,반입,1042370
2022,자동차 및 트레일러,부산,반출,720853
2022,자동차 및 트레일러,부산,합계,1763223
2022,자동차 및 트레일러,대구,반입,469567
2022,자동차 및 트레일러,대구,반출,396197
2022,자동차 및 트레일러,대구,합계,865764
2022,자동차 및 트레일러,인천,반입,1663900
2022,자동차 및 트레일러,인천,반출,171100
2022,자동차 및 트레일러,인천,합계,1835000
2022,자동차 및 트레일러,광주,반입,160504
2022,자동차 및 트레일러,광주,반출,8559203
2022,자동차 및 트레일러,광주,합계,8719707
2022,자동차 및 트레일러,세종,반입,54674
2022,자동차 및 트레일러,세종,반출,46846
2022,자동차 및 트레일러,세종,합계,101520
2022,자동차 및 트레일러,대전,반입,225775
2022,자동차 및 트레일러,대전,반출,19014
2022,자동차 및 트레일러,대전,합계,244789
2022,자동차 및 트레일러,울산,반입,1716224
2022,자동차 및 트레일러,울산,반출,1689626
2022,자동차 및 트레일러,울산,합계,3405850
2022,자동차 및 트레일러,경기,반입,5611560
2022,자동차 및 트레일러,경기,반출,1273150
2022,자동차 및 트레일러,경기,합계,6884710
2022,자동차 및 트레일러,강원,반입,329602
2022,자동차 및 트레일러,강원,반출,126290
2022,자동차 및 트레일러,강원,합계,455892
2022,자동차 및 트레일러,충북,반입,444554
2022,자동차 및 트레일러,충북,반출,679299
2022,자동차 및 트레일러,충북,합계,1123853
2022,자동차 및 트레일러,충남,반입,1354694
2022,자동차 및 트레일러,충남,반출,3975918
2022,자동차 및 트레일러,충남,합계,5330612
2022,자동차 및 트레일러,전북,반입,1303007
2022,자동차 및 트레일러,전북,반출,569233
2022,자동차 및 트레일러,전북,합계,1872240
2022,자동차 및 트레일러,전남,반입,3525394
2022,자동차 및 트레일러,전남,반출,140153
2022,자동차 및 트레일러,전남,합계,3665547
2022,자동차 및 트레일러,경북,반입,800069
2022,자동차 및 트레일러,경북,반출,2694653
2022,자동차 및 트레일러,경북,합계,3494722
2022,자동차 및 트레일러,경남,반입,1873757
2022,자동차 및 트레일러,경남,반출,1041080
2022,자동차 및 트레일러,경남,합계,2914837
2022,자동차 및 트레일러,제주,반입,0
2022,자동차 및 트레일러,제주,반출,0
2022,자동차 및 트레일러,제주,합계,0
2022,기타운송 장비,서울,반입,64935
2022,기타운송 장비,서울,반출,1570
2022,기타운송 장비,서울,합계,66505
2022,기타운송 장비,부산,반입,212402
2022,기타운송 장비,부산,반출,131496
2022,기타운송 장비,부산,합계,343898
2022,기타운송 장비,대구,반입,17142
2022,기타운송 장비,대구,반출,11924
2022,기타운송 장비,대구,합계,29066
2022,기타운송 장비,인천,반입,49029
2022,기타운송 장비,인천,반출,5223
2022,기타운송 장비,인천,합계,54252
2022,기타운송 장비,광주,반입,7796
2022,기타운송 장비,광주,반출,464
2022,기타운송 장비,광주,합계,8260
2022,기타운송 장비,세종,반입,744
2022,기타운송 장비,세종,반출,7
2022,기타운송 장비,세종,합계,751
2022,기타운송 장비,대전,반입,18069
2022,기타운송 장비,대전,반출,3372
2022,기타운송 장비,대전,합계,21441
2022,기타운송 장비,울산,반입,451775
2022,기타운송 장비,울산,반출,900580
2022,기타운송 장비,울산,합계,1352355
2022,기타운송 장비,경기,반입,151717
2022,기타운송 장비,경기,반출,9528
2022,기타운송 장비,경기,합계,161245
2022,기타운송 장비,강원,반입,69847
2022,기타운송 장비,강원,반출,0
2022,기타운송 장비,강원,합계,69847
2022,기타운송 장비,충북,반입,33977
2022,기타운송 장비,충북,반출,19709
2022,기타운송 장비,충북,합계,53686
2022,기타운송 장비,충남,반입,50202
2022,기타운송 장비,충남,반출,10533
2022,기타운송 장비,충남,합계,60735
2022,기타운송 장비,전북,반입,127011
2022,기타운송 장비,전북,반출,11628
2022,기타운송 장비,전북,합계,138639
2022,기타운송 장비,전남,반입,270497
2022,기타운송 장비,전남,반출,680250
2022,기타운송 장비,전남,합계,950747
2022,기타운송 장비,경북,반입,24911
2022,기타운송 장비,경북,반출,470134
2022,기타운송 장비,경북,합계,495045
2022,기타운송 장비,경남,반입,1350931
2022,기타운송 장비,경남,반출,644567
2022,기타운송 장비,경남,합계,1995498
2022,기타운송 장비,제주,반입,0
2022,기타운송 장비,제주,반출,0
2022,기타운송 장비,제주,합계,0
2022,가구 제품,서울,반입,249896
2022,가구 제품,서울,반출,4863
2022,가구 제품,서울,합계,254759
2022,가구 제품,부산,반입,59039
2022,가구 제품,부산,반출,39950
2022,가구 제품,부산,합계,98989
2022,가구 제품,대구,반입,35186
2022,가구 제품,대구,반출,20740
2022,가구 제품,대구,합계,55926
2022,가구 제품,인천,반입,51562
2022,가구 제품,인천,반출,149679
2022,가구 제품,인천,합계,201241
2022,가구 제품,광주,반입,32956
2022,가구 제품,광주,반출,27690
2022,가구 제품,광주,합계,60646
2022,가구 제품,세종,반입,8271
2022,가구 제품,세종,반출,0
2022,가구 제품,세종,합계,8271
2022,가구 제품,대전,반입,22553
2022,가구 제품,대전,반출,7050
2022,가구 제품,대전,합계,29603
2022,가구 제품,울산,반입,96270
2022,가구 제품,울산,반출,53
2022,가구 제품,울산,합계,96323
2022,가구 제품,경기,반입,142926
2022,가구 제품,경기,반출,529377
2022,가구 제품,경기,합계,672303
2022,가구 제품,강원,반입,17054
2022,가구 제품,강원,반출,10748
2022,가구 제품,강원,합계,27802
2022,가구 제품,충북,반입,49024
2022,가구 제품,충북,반출,156643
2022,가구 제품,충북,합계,205667
2022,가구 제품,충남,반입,114328
2022,가구 제품,충남,반출,26357
2022,가구 제품,충남,합계,140685
2022,가구 제품,전북,반입,41379
2022,가구 제품,전북,반출,20759
2022,가구 제품,전북,합계,62138
2022,가구 제품,전남,반입,53793
2022,가구 제품,전남,반출,5839
2022,가구 제품,전남,합계,59632
2022,가구 제품,경북,반입,105065
2022,가구 제품,경북,반출,70304
2022,가구 제품,경북,합계,175369
2022,가구 제품,경남,반입,124710
2022,가구 제품,경남,반출,133960
2022,가구 제품,경남,합계,258670
2022,가구 제품,제주,반입,0
2022,가구 제품,제주,반출,0
2022,가구 제품,제주,합계,0
2022,기타제품,서울,반입,211728
2022,기타제품,서울,반출,10750
2022,기타제품,서울,합계,222478
2022,기타제품,부산,반입,64530
2022,기타제품,부산,반출,19086
2022,기타제품,부산,합계,83616
2022,기타제품,대구,반입,27558
2022,기타제품,대구,반출,15086
2022,기타제품,대구,합계,42644
2022,기타제품,인천,반입,66843
2022,기타제품,인천,반출,163681
2022,기타제품,인천,합계,230524
2022,기타제품,광주,반입,36044
2022,기타제품,광주,반출,1062
2022,기타제품,광주,합계,37106
2022,기타제품,세종,반입,7256
2022,기타제품,세종,반출,2060
2022,기타제품,세종,합계,9316
2022,기타제품,대전,반입,48133
2022,기타제품,대전,반출,36714
2022,기타제품,대전,합계,84847
2022,기타제품,울산,반입,70219
2022,기타제품,울산,반출,7656
2022,기타제품,울산,합계,77875
2022,기타제품,경기,반입,183129
2022,기타제품,경기,반출,831869
2022,기타제품,경기,합계,1014998
2022,기타제품,강원,반입,29917
2022,기타제품,강원,반출,1259
2022,기타제품,강원,합계,31176
2022,기타제품,충북,반입,162186
2022,기타제품,충북,반출,69184
2022,기타제품,충북,합계,231370
2022,기타제품,충남,반입,202797
2022,기타제품,충남,반출,184261
2022,기타제품,충남,합계,387058
2022,기타제품,전북,반입,97910
2022,기타제품,전북,반출,86336
2022,기타제품,전북,합계,184246
2022,기타제품,전남,반입,52462
2022,기타제품,전남,반출,11729
2022,기타제품,전남,합계,64191
2022,기타제품,경북,반입,117631
2022,기타제품,경북,반출,20505
2022,기타제품,경북,합계,138136
2022,기타제품,경남,반입,133973
2022,기타제품,경남,반출,51078
2022,기타제품,경남,합계,185051
2022,기타제품,제주,반입,0
2022,기타제품,제주,반출,0
2022,기타제품,제주,합계,0
2022,*)  재생재료,서울,반입,6247229
2022,*)  재생재료,서울,반출,92594843
2022,*)  재생재료,서울,합계,98842072
2022,*)  재생재료,부산,반입,9141021
2022,*)  재생재료,부산,반출,1527985
2022,*)  재생재료,부산,합계,10669006
2022,*)  재생재료,대구,반입,6277804
2022,*)  재생재료,대구,반출,1216490
2022,*)  재생재료,대구,합계,7494294
2022,*)  재생재료,인천,반입,10098750
2022,*)  재생재료,인천,반출,2601694
2022,*)  재생재료,인천,합계,12700444
2022,*)  재생재료,광주,반입,3798551
2022,*)  재생재료,광주,반출,1210558
2022,*)  재생재료,광주,합계,5009109
2022,*)  재생재료,세종,반입,994976
2022,*)  재생재료,세종,반출,36337
2022,*)  재생재료,세종,합계,1031313
2022,*)  재생재료,대전,반입,4944963
2022,*)  재생재료,대전,반출,344521
2022,*)  재생재료,대전,합계,5289484
2022,*)  재생재료,울산,반입,8116046
2022,*)  재생재료,울산,반출,271047
2022,*)  재생재료,울산,합계,8387093
2022,*)  재생재료,경기,반입,37463629
2022,*)  재생재료,경기,반출,37072717
2022,*)  재생재료,경기,합계,74536346
2022,*)  재생재료,강원,반입,3945506
2022,*)  재생재료,강원,반출,11670124
2022,*)  재생재료,강원,합계,15615630
2022,*)  재생재료,충북,반입,7992883
2022,*)  재생재료,충북,반출,685527
2022,*)  재생재료,충북,합계,8678410
2022,*)  재생재료,충남,반입,11416736
2022,*)  재생재료,충남,반출,689329
2022,*)  재생재료,충남,합계,12106065
2022,*)  재생재료,전북,반입,6104094
2022,*)  재생재료,전북,반출,1124533
2022,*)  재생재료,전북,합계,7228627
2022,*)  재생재료,전남,반입,8039018
2022,*)  재생재료,전남,반출,788598
2022,*)  재생재료,전남,합계,8827616
2022,*)  재생재료,경북,반입,14786369
2022,*)  재생재료,경북,반출,965250
2022,*)  재생재료,경북,합계,15751619
2022,*)  재생재료,경남,반입,14554184
2022,*)  재생재료,경남,반출,1122206
2022,*)  재생재료,경남,합계,15676390
2022,*)  재생재료,제주,반입,0
2022,*)  재생재료,제주,반출,0
2022,*)  재생재료,제주,합계,0
2022,*)  기타,서울,반입,2512375
2022,*)  기타,서울,반출,979568
2022,*)  기타,서울,합계,3491943
2022,*)  기타,부산,반입,82863902
2022,*)  기타,부산,반출,58321343
2022,*)  기타,부산,합계,141185245
2022,*)  기타,대구,반입,1651324
2022,*)  기타,대구,반출,2645099
2022,*)  기타,대구,합계,4296423
2022,*)  기타,인천,반입,13633970
2022,*)  기타,인천,반출,19107817
2022,*)  기타,인천,합계,32741787
2022,*)  기타,광주,반입,1872964
2022,*)  기타,광주,반출,4585592
2022,*)  기타,광주,합계,6458556
2022,*)  기타,세종,반입,1374436
2022,*)  기타,세종,반출,314535
2022,*)  기타,세종,합계,1688971
2022,*)  기타,대전,반입,626140
2022,*)  기타,대전,반출,1412401
2022,*)  기타,대전,합계,2038541
2022,*)  기타,울산,반입,6546907
2022,*)  기타,울산,반출,13470813
2022,*)  기타,울산,합계,20017720
2022,*)  기타,경기,반입,34118499
2022,*)  기타,경기,반출,29939919
2022,*)  기타,경기,합계,64058418
2022,*)  기타,강원,반입,703904
2022,*)  기타,강원,반출,601548
2022,*)  기타,강원,합계,1305452
2022,*)  기타,충북,반입,4704730
2022,*)  기타,충북,반출,2527503
2022,*)  기타,충북,합계,7232233
2022,*)  기타,충남,반입,5149529
2022,*)  기타,충남,반출,5756483
2022,*)  기타,충남,합계,10906012
2022,*)  기타,전북,반입,3438658
2022,*)  기타,전북,반출,3229183
2022,*)  기타,전북,합계,6667841
2022,*)  기타,전남,반입,6103685
2022,*)  기타,전남,반출,10358223
2022,*)  기타,전남,합계,16461908
2022,*)  기타,경북,반입,9580514
2022,*)  기타,경북,반출,13855302
2022,*)  기타,경북,합계,23435816
2022,*)  기타,경남,반입,12131753
2022,*)  기타,경남,반출,19907961
2022,*)  기타,경남,합계,32039714
2022,*)  기타,제주,반입,0
2022,*)  기타,제주,반출,0
2022,*)  기타,제주,합계,0
