연도,기준지역,대상지역,구분,물동량
2019,서울,서울,출발,32615377
2019,서울,부산,출발,859478
2019,서울,대구,출발,262600
2019,서울,인천,출발,1691278
2019,서울,광주,출발,196522
2019,서울,세종,출발,127295
2019,서울,대전,출발,325791
2019,서울,울산,출발,550779
2019,서울,경기,출발,17279539
2019,서울,강원,출발,919960
2019,서울,충북,출발,1172843
2019,서울,충남,출발,1798445
2019,서울,전북,출발,271482
2019,서울,전남,출발,623937
2019,서울,경북,출발,1331778
2019,서울,경남,출발,704418
2019,서울,제주,출발,0
2019,부산,서울,출발,1819414
2019,부산,부산,출발,40877316
2019,부산,대구,출발,1761914
2019,부산,인천,출발,3599080
2019,부산,광주,출발,908596
2019,부산,세종,출발,598895
2019,부산,대전,출발,701147
2019,부산,울산,출발,13026607
2019,부산,경기,출발,18525683
2019,부산,강원,출발,858301
2019,부산,충북,출발,4362464
2019,부산,충남,출발,4108942
2019,부산,전북,출발,1502044
2019,부산,전남,출발,2425508
2019,부산,경북,출발,11053198
2019,부산,경남,출발,21789224
2019,부산,제주,출발,0
2019,대구,서울,출발,783503
2019,대구,부산,출발,3435981
2019,대구,대구,출발,11252162
2019,대구,인천,출발,444803
2019,대구,광주,출발,324300
2019,대구,세종,출발,130409
2019,대구,대전,출발,332431
2019,대구,울산,출발,1856625
2019,대구,경기,출발,2579167
2019,대구,강원,출발,526219
2019,대구,충북,출발,1222594
2019,대구,충남,출발,1712771
2019,대구,전북,출발,619550
2019,대구,전남,출발,930919
2019,대구,경북,출발,8739264
2019,대구,경남,출발,3544909
2019,대구,제주,출발,0
2019,인천,서울,출발,12061421
2019,인천,부산,출발,3070958
2019,인천,대구,출발,485602
2019,인천,인천,출발,92936079
2019,인천,광주,출발,475700
2019,인천,세종,출발,435280
2019,인천,대전,출발,816600
2019,인천,울산,출발,2638975
2019,인천,경기,출발,58096164
2019,인천,강원,출발,2794757
2019,인천,충북,출발,4499256
2019,인천,충남,출발,9094134
2019,인천,전북,출발,1435605
2019,인천,전남,출발,3275657
2019,인천,경북,출발,4174440
2019,인천,경남,출발,1987671
2019,인천,제주,출발,0
2019,광주,서울,출발,392870
2019,광주,부산,출발,2348710
2019,광주,대구,출발,212338
2019,광주,인천,출발,360220
2019,광주,광주,출발,6926086
2019,광주,세종,출발,51560
2019,광주,대전,출발,210551
2019,광주,울산,출발,754504
2019,광주,경기,출발,1779222
2019,광주,강원,출발,169339
2019,광주,충북,출발,470535
2019,광주,충남,출발,1075334
2019,광주,전북,출발,878198
2019,광주,전남,출발,8339487
2019,광주,경북,출발,920295
2019,광주,경남,출발,1116391
2019,광주,제주,출발,0
2019,대전,서울,출발,173498
2019,대전,부산,출발,1310958
2019,대전,대구,출발,76617
2019,대전,인천,출발,239921
2019,대전,광주,출발,69417
2019,대전,세종,출발,111453
2019,대전,대전,출발,3866207
2019,대전,울산,출발,235116
2019,대전,경기,출발,884474
2019,대전,강원,출발,113745
2019,대전,충북,출발,724716
2019,대전,충남,출발,934311
2019,대전,전북,출발,202801
2019,대전,전남,출발,285561
2019,대전,경북,출발,562870
2019,대전,경남,출발,273715
2019,대전,제주,출발,0
2019,울산,서울,출발,488338
2019,울산,부산,출발,15564102
2019,울산,대구,출발,1100495
2019,울산,인천,출발,796901
2019,울산,광주,출발,256726
2019,울산,세종,출발,196410
2019,울산,대전,출발,303950
2019,울산,울산,출발,101148611
2019,울산,경기,출발,3719703
2019,울산,강원,출발,1567503
2019,울산,충북,출발,1572863
2019,울산,충남,출발,1943008
2019,울산,전북,출발,879507
2019,울산,전남,출발,2254678
2019,울산,경북,출발,7247116
2019,울산,경남,출발,5353531
2019,울산,제주,출발,0
2019,경기,서울,출발,21074934
2019,경기,부산,출발,17673485
2019,경기,대구,출발,1450458
2019,경기,인천,출발,20788596
2019,경기,광주,출발,1218139
2019,경기,세종,출발,1309630
2019,경기,대전,출발,2587443
2019,경기,울산,출발,4406035
2019,경기,경기,출발,140813006
2019,경기,강원,출발,6822992
2019,경기,충북,출발,12765606
2019,경기,충남,출발,38981676
2019,경기,전북,출발,4279625
2019,경기,전남,출발,4901792
2019,경기,경북,출발,9515318
2019,경기,경남,출발,5067318
2019,경기,제주,출발,0
2019,강원,서울,출발,2074430
2019,강원,부산,출발,1401706
2019,강원,대구,출발,709912
2019,강원,인천,출발,1983727
2019,강원,광주,출발,332855
2019,강원,세종,출발,463985
2019,강원,대전,출발,625769
2019,강원,울산,출발,1805151
2019,강원,경기,출발,13628830
2019,강원,강원,출발,39990838
2019,강원,충북,출발,5259809
2019,강원,충남,출발,4809139
2019,강원,전북,출발,1462522
2019,강원,전남,출발,2175156
2019,강원,경북,출발,6508647
2019,강원,경남,출발,2044182
2019,강원,제주,출발,0
2019,충북,서울,출발,1922404
2019,충북,부산,출발,3241416
2019,충북,대구,출발,830068
2019,충북,인천,출발,1761043
2019,충북,광주,출발,463549
2019,충북,세종,출발,1347315
2019,충북,대전,출발,1557682
2019,충북,울산,출발,2281546
2019,충북,경기,출발,13222806
2019,충북,강원,출발,4329075
2019,충북,충북,출발,18410833
2019,충북,충남,출발,8437910
2019,충북,전북,출발,1920330
2019,충북,전남,출발,2547119
2019,충북,경북,출발,5695639
2019,충북,경남,출발,2472561
2019,충북,제주,출발,0
2019,충남,서울,출발,3049702
2019,충남,부산,출발,5258050
2019,충남,대구,출발,831398
2019,충남,인천,출발,3522537
2019,충남,광주,출발,831753
2019,충남,세종,출발,1491311
2019,충남,대전,출발,2347961
2019,충남,울산,출발,2488740
2019,충남,경기,출발,24584563
2019,충남,강원,출발,2325474
2019,충남,충북,출발,6631537
2019,충남,충남,출발,81175357
2019,충남,전북,출발,4327955
2019,충남,전남,출발,3659474
2019,충남,경북,출발,5007881
2019,충남,경남,출발,2798203
2019,충남,제주,출발,0
2019,전북,서울,출발,2208227
2019,전북,부산,출발,3089907
2019,전북,대구,출발,1203108
2019,전북,인천,출발,1688531
2019,전북,광주,출발,2159696
2019,전북,세종,출발,696250
2019,전북,대전,출발,1989114
2019,전북,울산,출발,1927584
2019,전북,경기,출발,10665850
2019,전북,강원,출발,2208814
2019,전북,충북,출발,4676695
2019,전북,충남,출발,9766402
2019,전북,전북,출발,36267802
2019,전북,전남,출발,8846343
2019,전북,경북,출발,6027876
2019,전북,경남,출발,4536023
2019,전북,제주,출발,0
2019,전남,서울,출발,2058909
2019,전남,부산,출발,3911614
2019,전남,대구,출발,1525855
2019,전남,인천,출발,2260270
2019,전남,광주,출발,7048069
2019,전남,세종,출발,1676843
2019,전남,대전,출발,1308980
2019,전남,울산,출발,4408399
2019,전남,경기,출발,13449679
2019,전남,강원,출발,3266261
2019,전남,충북,출발,5782148
2019,전남,충남,출발,9043056
2019,전남,전북,출발,8730761
2019,전남,전남,출발,129135963
2019,전남,경북,출발,8121883
2019,전남,경남,출발,9110439
2019,전남,제주,출발,0
2019,경북,서울,출발,2387283
2019,경북,부산,출발,17204732
2019,경북,대구,출발,4254852
2019,경북,인천,출발,1843616
2019,경북,광주,출발,763300
2019,경북,세종,출발,490148
2019,경북,대전,출발,1077966
2019,경북,울산,출발,8539236
2019,경북,경기,출발,9416103
2019,경북,강원,출발,3454565
2019,경북,충북,출발,5435226
2019,경북,충남,출발,5444021
2019,경북,전북,출발,2203186
2019,경북,전남,출발,3896714
2019,경북,경북,출발,63771940
2019,경북,경남,출발,7072812
2019,경북,제주,출발,0
2019,경남,서울,출발,1501038
2019,경남,부산,출발,28586338
2019,경남,대구,출발,3099498
2019,경남,인천,출발,1500842
2019,경남,광주,출발,1004416
2019,경남,세종,출발,427349
2019,경남,대전,출발,939013
2019,경남,울산,출발,9404499
2019,경남,경기,출발,8254060
2019,경남,강원,출발,2556241
2019,경남,충북,출발,3584586
2019,경남,충남,출발,4666749
2019,경남,전북,출발,2834892
2019,경남,전남,출발,6928796
2019,경남,경북,출발,10947281
2019,경남,경남,출발,79738422
2019,경남,제주,출발,0
2019,제주,서울,출발,0
2019,제주,부산,출발,0
2019,제주,대구,출발,0
2019,제주,인천,출발,0
2019,제주,광주,출발,0
2019,제주,세종,출발,0
2019,제주,대전,출발,0
2019,제주,울산,출발,0
2019,제주,경기,출발,0
2019,제주,강원,출발,0
2019,제주,충북,출발,0
2019,제주,충남,출발,0
2019,제주,전북,출발,0
2019,제주,전남,출발,0
2019,제주,경북,출발,0
2019,제주,경남,출발,0
2019,제주,제주,출발,9376659
2019,세종,서울,출발,342030
2019,세종,부산,출발,480023
2019,세종,대구,출발,135665
2019,세종,인천,출발,407434
2019,세종,광주,출발,115502
2019,세종,세종,출발,2581444
2019,세종,대전,출발,649624
2019,세종,울산,출발,293245
2019,세종,경기,출발,3200579
2019,세종,강원,출발,555895
2019,세종,충북,출발,3898433
2019,세종,충남,출발,4668356
2019,세종,전북,출발,563421
2019,세종,전남,출발,634206
2019,세종,경북,출발,1301929
2019,세종,경남,출발,471805
2019,세종,제주,출발,0
2020,서울,서울,출발,32668611
2020,서울,부산,출발,879870
2020,서울,대구,출발,246905
2020,서울,인천,출발,1622015
2020,서울,광주,출발,181615
2020,서울,세종,출발,117497
2020,서울,대전,출발,294377
2020,서울,울산,출발,429498
2020,서울,경기,출발,16739449
2020,서울,강원,출발,858841
2020,서울,충북,출발,1086555
2020,서울,충남,출발,1608799
2020,서울,전북,출발,249708
2020,서울,전남,출발,509461
2020,서울,경북,출발,1233957
2020,서울,경남,출발,758943
2020,서울,제주,출발,0
2020,부산,서울,출발,1732550
2020,부산,부산,출발,38446239
2020,부산,대구,출발,1722556
2020,부산,인천,출발,3479945
2020,부산,광주,출발,880264
2020,부산,세종,출발,553008
2020,부산,대전,출발,688262
2020,부산,울산,출발,12632453
2020,부산,경기,출발,17096810
2020,부산,강원,출발,686200
2020,부산,충북,출발,4149408
2020,부산,충남,출발,3945331
2020,부산,전북,출발,1505459
2020,부산,전남,출발,2262487
2020,부산,경북,출발,10707194
2020,부산,경남,출발,21064077
2020,부산,제주,출발,0
2020,대구,서울,출발,771193
2020,대구,부산,출발,3228088
2020,대구,대구,출발,11159681
2020,대구,인천,출발,410669
2020,대구,광주,출발,312874
2020,대구,세종,출발,129262
2020,대구,대전,출발,318716
2020,대구,울산,출발,1738290
2020,대구,경기,출발,2468148
2020,대구,강원,출발,500323
2020,대구,충북,출발,1179669
2020,대구,충남,출발,1631557
2020,대구,전북,출발,597265
2020,대구,전남,출발,874038
2020,대구,경북,출발,8503959
2020,대구,경남,출발,3482021
2020,대구,제주,출발,0
2020,인천,서울,출발,12490451
2020,인천,부산,출발,3187858
2020,인천,대구,출발,627813
2020,인천,인천,출발,95444949
2020,인천,광주,출발,525339
2020,인천,세종,출발,557576
2020,인천,대전,출발,993047
2020,인천,울산,출발,2564670
2020,인천,경기,출발,67032872
2020,인천,강원,출발,3639138
2020,인천,충북,출발,4959200
2020,인천,충남,출발,9916943
2020,인천,전북,출발,1696618
2020,인천,전남,출발,3817676
2020,인천,경북,출발,4716171
2020,인천,경남,출발,2471224
2020,인천,제주,출발,0
2020,광주,서울,출발,432618
2020,광주,부산,출발,2265410
2020,광주,대구,출발,225510
2020,광주,인천,출발,384491
2020,광주,광주,출발,7018146
2020,광주,세종,출발,53169
2020,광주,대전,출발,216503
2020,광주,울산,출발,869361
2020,광주,경기,출발,1854397
2020,광주,강원,출발,178955
2020,광주,충북,출발,480773
2020,광주,충남,출발,1101507
2020,광주,전북,출발,928817
2020,광주,전남,출발,8052783
2020,광주,경북,출발,951554
2020,광주,경남,출발,1163219
2020,광주,제주,출발,0
2020,대전,서울,출발,193396
2020,대전,부산,출발,1317637
2020,대전,대구,출발,84226
2020,대전,인천,출발,239712
2020,대전,광주,출발,75339
2020,대전,세종,출발,117059
2020,대전,대전,출발,4042179
2020,대전,울산,출발,249076
2020,대전,경기,출발,922966
2020,대전,강원,출발,119361
2020,대전,충북,출발,754804
2020,대전,충남,출발,964371
2020,대전,전북,출발,210730
2020,대전,전남,출발,328154
2020,대전,경북,출발,582819
2020,대전,경남,출발,288464
2020,대전,제주,출발,0
2020,울산,서울,출발,304135
2020,울산,부산,출발,14046251
2020,울산,대구,출발,635310
2020,울산,인천,출발,403544
2020,울산,광주,출발,210701
2020,울산,세종,출발,76411
2020,울산,대전,출발,175649
2020,울산,울산,출발,92380440
2020,울산,경기,출발,2010877
2020,울산,강원,출발,446986
2020,울산,충북,출발,759505
2020,울산,충남,출발,1225071
2020,울산,전북,출발,455225
2020,울산,전남,출발,1537187
2020,울산,경북,출발,4666355
2020,울산,경남,출발,4028206
2020,울산,제주,출발,0
2020,경기,서울,출발,20980390
2020,경기,부산,출발,16758236
2020,경기,대구,출발,1523411
2020,경기,인천,출발,18413459
2020,경기,광주,출발,1235762
2020,경기,세종,출발,1330598
2020,경기,대전,출발,2736630
2020,경기,울산,출발,4388180
2020,경기,경기,출발,137702306
2020,경기,강원,출발,6646866
2020,경기,충북,출발,13243197
2020,경기,충남,출발,38717686
2020,경기,전북,출발,4362687
2020,경기,전남,출발,4868620
2020,경기,경북,출발,9837422
2020,경기,경남,출발,5263844
2020,경기,제주,출발,0
2020,강원,서울,출발,2069045
2020,강원,부산,출발,1650677
2020,강원,대구,출발,891337
2020,강원,인천,출발,1485520
2020,강원,광주,출발,361939
2020,강원,세종,출발,508818
2020,강원,대전,출발,668926
2020,강원,울산,출발,2063055
2020,강원,경기,출발,14098674
2020,강원,강원,출발,36629399
2020,강원,충북,출발,5692567
2020,강원,충남,출발,4990576
2020,강원,전북,출발,1634893
2020,강원,전남,출발,2417066
2020,강원,경북,출발,7488028
2020,강원,경남,출발,2438446
2020,강원,제주,출발,0
2020,충북,서울,출발,1846122
2020,충북,부산,출발,3227865
2020,충북,대구,출발,945603
2020,충북,인천,출발,1347345
2020,충북,광주,출발,464930
2020,충북,세종,출발,1414284
2020,충북,대전,출발,1576999
2020,충북,울산,출발,2307201
2020,충북,경기,출발,12709896
2020,충북,강원,출발,4276163
2020,충북,충북,출발,18810808
2020,충북,충남,출발,8215914
2020,충북,전북,출발,1999292
2020,충북,전남,출발,2571479
2020,충북,경북,출발,6112245
2020,충북,경남,출발,2628267
2020,충북,제주,출발,0
2020,충남,서울,출발,3218660
2020,충남,부산,출발,5235730
2020,충남,대구,출발,1000850
2020,충남,인천,출발,3250221
2020,충남,광주,출발,890142
2020,충남,세종,출발,1662469
2020,충남,대전,출발,2535641
2020,충남,울산,출발,2828489
2020,충남,경기,출발,25980168
2020,충남,강원,출발,2584696
2020,충남,충북,출발,7269432
2020,충남,충남,출발,77271817
2020,충남,전북,출발,4777632
2020,충남,전남,출발,4151459
2020,충남,경북,출발,5727406
2020,충남,경남,출발,3181443
2020,충남,제주,출발,0
2020,전북,서울,출발,2268456
2020,전북,부산,출발,3037156
2020,전북,대구,출발,1268782
2020,전북,인천,출발,1386895
2020,전북,광주,출발,2187586
2020,전북,세종,출발,683338
2020,전북,대전,출발,1965197
2020,전북,울산,출발,1994334
2020,전북,경기,출발,10431422
2020,전북,강원,출발,2099421
2020,전북,충북,출발,4581243
2020,전북,충남,출발,9482624
2020,전북,전북,출발,35101162
2020,전북,전남,출발,8702205
2020,전북,경북,출발,6177346
2020,전북,경남,출발,4677727
2020,전북,제주,출발,0
2020,전남,서울,출발,1860580
2020,전남,부산,출발,4108442
2020,전남,대구,출발,1574577
2020,전남,인천,출발,1541310
2020,전남,광주,출발,7172901
2020,전남,세종,출발,1629672
2020,전남,대전,출발,1228904
2020,전남,울산,출발,4871732
2020,전남,경기,출발,12011279
2020,전남,강원,출발,2816975
2020,전남,충북,출발,5390504
2020,전남,충남,출발,8303445
2020,전남,전북,출발,8366904
2020,전남,전남,출발,122266607
2020,전남,경북,출발,8304798
2020,전남,경남,출발,9289769
2020,전남,제주,출발,0
2020,경북,서울,출발,1832623
2020,경북,부산,출발,16312443
2020,경북,대구,출발,4179689
2020,경북,인천,출발,1356152
2020,경북,광주,출발,776795
2020,경북,세종,출발,424484
2020,경북,대전,출발,988440
2020,경북,울산,출발,8299089
2020,경북,경기,출발,8288409
2020,경북,강원,출발,3001646
2020,경북,충북,출발,4740100
2020,경북,충남,출발,4865969
2020,경북,전북,출발,1979556
2020,경북,전남,출발,3474456
2020,경북,경북,출발,60789502
2020,경북,경남,출발,6901430
2020,경북,제주,출발,0
2020,경남,서울,출발,1345938
2020,경남,부산,출발,27139453
2020,경남,대구,출발,2950726
2020,경남,인천,출발,1012331
2020,경남,광주,출발,959178
2020,경남,세종,출발,344685
2020,경남,대전,출발,830463
2020,경남,울산,출발,9841903
2020,경남,경기,출발,6800034
2020,경남,강원,출발,1903285
2020,경남,충북,출발,3011408
2020,경남,충남,출발,4044465
2020,경남,전북,출발,2440337
2020,경남,전남,출발,6393940
2020,경남,경북,출발,10424454
2020,경남,경남,출발,69045854
2020,경남,제주,출발,0
2020,제주,서울,출발,0
2020,제주,부산,출발,0
2020,제주,대구,출발,0
2020,제주,인천,출발,0
2020,제주,광주,출발,0
2020,제주,세종,출발,0
2020,제주,대전,출발,0
2020,제주,울산,출발,0
2020,제주,경기,출발,0
2020,제주,강원,출발,0
2020,제주,충북,출발,0
2020,제주,충남,출발,0
2020,제주,전북,출발,0
2020,제주,전남,출발,0
2020,제주,경북,출발,0
2020,제주,경남,출발,0
2020,제주,제주,출발,9123013
2020,세종,서울,출발,323739
2020,세종,부산,출발,449627
2020,세종,대구,출발,147691
2020,세종,인천,출발,298813
2020,세종,광주,출발,108438
2020,세종,세종,출발,2363623
2020,세종,대전,출발,607431
2020,세종,울산,출발,307115
2020,세종,경기,출발,2737789
2020,세종,강원,출발,487486
2020,세종,충북,출발,3494556
2020,세종,충남,출발,4030889
2020,세종,전북,출발,529705
2020,세종,전남,출발,613294
2020,세종,경북,출발,1208162
2020,세종,경남,출발,465389
2020,세종,제주,출발,0
2021,서울,서울,출발,35820763
2021,서울,부산,출발,1028857
2021,서울,대구,출발,289488
2021,서울,인천,출발,1806951
2021,서울,광주,출발,213471
2021,서울,세종,출발,134196
2021,서울,대전,출발,340934
2021,서울,울산,출발,609983
2021,서울,경기,출발,18468535
2021,서울,강원,출발,995461
2021,서울,충북,출발,1237892
2021,서울,충남,출발,1894318
2021,서울,전북,출발,281431
2021,서울,전남,출발,699408
2021,서울,경북,출발,1442676
2021,서울,경남,출발,901098
2021,서울,제주,출발,0
2021,부산,서울,출발,1778726
2021,부산,부산,출발,41926722
2021,부산,대구,출발,1871581
2021,부산,인천,출발,3567405
2021,부산,광주,출발,932604
2021,부산,세종,출발,597952
2021,부산,대전,출발,720759
2021,부산,울산,출발,13254480
2021,부산,경기,출발,17910171
2021,부산,강원,출발,767964
2021,부산,충북,출발,4428011
2021,부산,충남,출발,4076760
2021,부산,전북,출발,1551987
2021,부산,전남,출발,2461425
2021,부산,경북,출발,11577889
2021,부산,경남,출발,22807538
2021,부산,제주,출발,0
2021,대구,서울,출발,703622
2021,대구,부산,출발,3463283
2021,대구,대구,출발,11362561
2021,대구,인천,출발,406084
2021,대구,광주,출발,294949
2021,대구,세종,출발,130375
2021,대구,대전,출발,312078
2021,대구,울산,출발,1720047
2021,대구,경기,출발,2359284
2021,대구,강원,출발,491472
2021,대구,충북,출발,1146245
2021,대구,충남,출발,1590905
2021,대구,전북,출발,573326
2021,대구,전남,출발,865550
2021,대구,경북,출발,8258078
2021,대구,경남,출발,3385826
2021,대구,제주,출발,0
2021,인천,서울,출발,12312791
2021,인천,부산,출발,3492160
2021,인천,대구,출발,665359
2021,인천,인천,출발,96896361
2021,인천,광주,출발,526224
2021,인천,세종,출발,563156
2021,인천,대전,출발,1041055
2021,인천,울산,출발,2648770
2021,인천,경기,출발,65674173
2021,인천,강원,출발,3685178
2021,인천,충북,출발,5027923
2021,인천,충남,출발,9785673
2021,인천,전북,출발,1735270
2021,인천,전남,출발,3837331
2021,인천,경북,출발,4798951
2021,인천,경남,출발,2747329
2021,인천,제주,출발,0
2021,광주,서울,출발,442880
2021,광주,부산,출발,2507353
2021,광주,대구,출발,241338
2021,광주,인천,출발,406875
2021,광주,광주,출발,7264710
2021,광주,세종,출발,57331
2021,광주,대전,출발,226657
2021,광주,울산,출발,961727
2021,광주,경기,출발,1903319
2021,광주,강원,출발,188881
2021,광주,충북,출발,500229
2021,광주,충남,출발,1148128
2021,광주,전북,출발,989557
2021,광주,전남,출발,8213525
2021,광주,경북,출발,1002568
2021,광주,경남,출발,1220583
2021,광주,제주,출발,0
2021,대전,서울,출발,181335
2021,대전,부산,출발,1449224
2021,대전,대구,출발,85756
2021,대전,인천,출발,247595
2021,대전,광주,출발,71934
2021,대전,세종,출발,113024
2021,대전,대전,출발,4041811
2021,대전,울산,출발,219687
2021,대전,경기,출발,871498
2021,대전,강원,출발,113149
2021,대전,충북,출발,712155
2021,대전,충남,출발,876909
2021,대전,전북,출발,193770
2021,대전,전남,출발,272482
2021,대전,경북,출발,560180
2021,대전,경남,출발,287143
2021,대전,제주,출발,0
2021,울산,서울,출발,280573
2021,울산,부산,출발,15144010
2021,울산,대구,출발,640576
2021,울산,인천,출발,374213
2021,울산,광주,출발,195286
2021,울산,세종,출발,76359
2021,울산,대전,출발,172952
2021,울산,울산,출발,93584105
2021,울산,경기,출발,1837550
2021,울산,강원,출발,445745
2021,울산,충북,출발,746232
2021,울산,충남,출발,1167834
2021,울산,전북,출발,440267
2021,울산,전남,출발,1463811
2021,울산,경북,출발,4750247
2021,울산,경남,출발,4100706
2021,울산,제주,출발,0
2021,경기,서울,출발,23502069
2021,경기,부산,출발,18727078
2021,경기,대구,출발,2093957
2021,경기,인천,출발,21550101
2021,경기,광주,출발,1383914
2021,경기,세종,출발,1769412
2021,경기,대전,출발,3183600
2021,경기,울산,출발,5185270
2021,경기,경기,출발,158727338
2021,경기,강원,출발,10331182
2021,경기,충북,출발,16233454
2021,경기,충남,출발,42384731
2021,경기,전북,출발,5801052
2021,경기,전남,출발,6596265
2021,경기,경북,출발,12079379
2021,경기,경남,출발,6449160
2021,경기,제주,출발,0
2021,강원,서울,출발,1712598
2021,강원,부산,출발,1577622
2021,강원,대구,출발,838283
2021,강원,인천,출발,1226560
2021,강원,광주,출발,334002
2021,강원,세종,출발,438456
2021,강원,대전,출발,610815
2021,강원,울산,출발,1826645
2021,강원,경기,출발,10625502
2021,강원,강원,출발,34777451
2021,강원,충북,출발,5011748
2021,강원,충남,출발,4321937
2021,강원,전북,출발,1594788
2021,강원,전남,출발,2168302
2021,강원,경북,출발,7095292
2021,강원,경남,출발,2359287
2021,강원,제주,출발,0
2021,충북,서울,출발,1787908
2021,충북,부산,출발,3498693
2021,충북,대구,출발,1022705
2021,충북,인천,출발,1314728
2021,충북,광주,출발,495017
2021,충북,세종,출발,1365015
2021,충북,대전,출발,1615031
2021,충북,울산,출발,2632731
2021,충북,경기,출발,11390776
2021,충북,강원,출발,4421357
2021,충북,충북,출발,18673745
2021,충북,충남,출발,8319738
2021,충북,전북,출발,2170671
2021,충북,전남,출발,2881284
2021,충북,경북,출발,6465915
2021,충북,경남,출발,2894703
2021,충북,제주,출발,0
2021,충남,서울,출발,3133155
2021,충남,부산,출발,5995752
2021,충남,대구,출발,1104440
2021,충남,인천,출발,3326514
2021,충남,광주,출발,915501
2021,충남,세종,출발,1703545
2021,충남,대전,출발,2707191
2021,충남,울산,출발,3007123
2021,충남,경기,출발,24265196
2021,충남,강원,출발,2748830
2021,충남,충북,출발,7498867
2021,충남,충남,출발,75412416
2021,충남,전북,출발,5259169
2021,충남,전남,출발,4494204
2021,충남,경북,출발,6077487
2021,충남,경남,출발,3454049
2021,충남,제주,출발,0
2021,전북,서울,출발,2280634
2021,전북,부산,출발,3220467
2021,전북,대구,출발,1342879
2021,전북,인천,출발,1407131
2021,전북,광주,출발,2426137
2021,전북,세종,출발,639662
2021,전북,대전,출발,2057164
2021,전북,울산,출발,2318158
2021,전북,경기,출발,9901676
2021,전북,강원,출발,1905650
2021,전북,충북,출발,4455319
2021,전북,충남,출발,9637402
2021,전북,전북,출발,34733993
2021,전북,전남,출발,9420263
2021,전북,경북,출발,6466675
2021,전북,경남,출발,5101324
2021,전북,제주,출발,0
2021,전남,서울,출발,1752650
2021,전남,부산,출발,4211482
2021,전남,대구,출발,1623073
2021,전남,인천,출발,1473852
2021,전남,광주,출발,7197753
2021,전남,세종,출발,1653848
2021,전남,대전,출발,1236053
2021,전남,울산,출발,4933737
2021,전남,경기,출발,10952230
2021,전남,강원,출발,2775987
2021,전남,충북,출발,5399438
2021,전남,충남,출발,8226017
2021,전남,전북,출발,8391869
2021,전남,전남,출발,127099079
2021,전남,경북,출발,8599864
2021,전남,경남,출발,9656949
2021,전남,제주,출발,0
2021,경북,서울,출발,1728908
2021,경북,부산,출발,17697016
2021,경북,대구,출발,4110247
2021,경북,인천,출발,1309843
2021,경북,광주,출발,716842
2021,경북,세종,출발,392850
2021,경북,대전,출발,954677
2021,경북,울산,출발,9188869
2021,경북,경기,출발,7439346
2021,경북,강원,출발,2480353
2021,경북,충북,출발,4545593
2021,경북,충남,출발,4675973
2021,경북,전북,출발,1912089
2021,경북,전남,출발,3566949
2021,경북,경북,출발,60671893
2021,경북,경남,출발,6960685
2021,경북,제주,출발,0
2021,경남,서울,출발,1192047
2021,경남,부산,출발,28271753
2021,경남,대구,출발,2782419
2021,경남,인천,출발,894255
2021,경남,광주,출발,883410
2021,경남,세종,출발,300055
2021,경남,대전,출발,765900
2021,경남,울산,출발,9815890
2021,경남,경기,출발,5612941
2021,경남,강원,출발,1629898
2021,경남,충북,출발,2662537
2021,경남,충남,출발,3572679
2021,경남,전북,출발,2290020
2021,경남,전남,출발,5762710
2021,경남,경북,출발,9685461
2021,경남,경남,출발,68449459
2021,경남,제주,출발,0
2021,제주,서울,출발,0
2021,제주,부산,출발,0
2021,제주,대구,출발,0
2021,제주,인천,출발,0
2021,제주,광주,출발,0
2021,제주,세종,출발,0
2021,제주,대전,출발,0
2021,제주,울산,출발,0
2021,제주,경기,출발,0
2021,제주,강원,출발,0
2021,제주,충북,출발,0
2021,제주,충남,출발,0
2021,제주,전북,출발,0
2021,제주,전남,출발,0
2021,제주,경북,출발,0
2021,제주,경남,출발,0
2021,제주,제주,출발,8837435
2021,세종,서울,출발,277677
2021,세종,부산,출발,495977
2021,세종,대구,출발,166792
2021,세종,인천,출발,296828
2021,세종,광주,출발,102498
2021,세종,세종,출발,2342547
2021,세종,대전,출발,597467
2021,세종,울산,출발,300262
2021,세종,경기,출발,2321408
2021,세종,강원,출발,522014
2021,세종,충북,출발,3417475
2021,세종,충남,출발,3711632
2021,세종,전북,출발,582857
2021,세종,전남,출발,650042
2021,세종,경북,출발,1191487
2021,세종,경남,출발,479179
2021,세종,제주,출발,0
2022,서울,서울,출발,43496606
2022,서울,부산,출발,5463377
2022,서울,대구,출발,3243896
2022,서울,인천,출발,6881648
2022,서울,광주,출발,2048727
2022,서울,세종,출발,561643
2022,서울,대전,출발,2727886
2022,서울,울산,출발,4136060
2022,서울,경기,출발,35813380
2022,서울,강원,출발,2558960
2022,서울,충북,출발,4439986
2022,서울,충남,출발,6650532
2022,서울,전북,출발,3422920
2022,서울,전남,출발,4336902
2022,서울,경북,출발,7679735
2022,서울,경남,출발,7330654
2022,서울,제주,출발,0
2022,부산,서울,출발,1438857
2022,부산,부산,출발,40869185
2022,부산,대구,출발,1925308
2022,부산,인천,출발,3047806
2022,부산,광주,출발,797800
2022,부산,세종,출발,367651
2022,부산,대전,출발,524481
2022,부산,울산,출발,12560161
2022,부산,경기,출발,18206638
2022,부산,강원,출발,660709
2022,부산,충북,출발,3802854
2022,부산,충남,출발,3495488
2022,부산,전북,출발,1549045
2022,부산,전남,출발,2239252
2022,부산,경북,출발,11148534
2022,부산,경남,출발,20674959
2022,부산,제주,출발,0
2022,대구,서울,출발,468188
2022,대구,부산,출발,3145496
2022,대구,대구,출발,6534817
2022,대구,인천,출발,441329
2022,대구,광주,출발,216892
2022,대구,세종,출발,70865
2022,대구,대전,출발,188609
2022,대구,울산,출발,1102512
2022,대구,경기,출발,1401700
2022,대구,강원,출발,266579
2022,대구,충북,출발,565484
2022,대구,충남,출발,815191
2022,대구,전북,출발,397779
2022,대구,전남,출발,645258
2022,대구,경북,출발,4299411
2022,대구,경남,출발,2396749
2022,대구,제주,출발,0
2022,인천,서울,출발,7007210
2022,인천,부산,출발,3481148
2022,인천,대구,출발,594863
2022,인천,인천,출발,77559030
2022,인천,광주,출발,472396
2022,인천,세종,출발,308011
2022,인천,대전,출발,641622
2022,인천,울산,출발,1576170
2022,인천,경기,출발,43119287
2022,인천,강원,출발,1781677
2022,인천,충북,출발,3488803
2022,인천,충남,출발,5540492
2022,인천,전북,출발,1277144
2022,인천,전남,출발,2358822
2022,인천,경북,출발,3541509
2022,인천,경남,출발,2449606
2022,인천,제주,출발,0
2022,광주,서울,출발,634793
2022,광주,부산,출발,2571392
2022,광주,대구,출발,305690
2022,광주,인천,출발,626441
2022,광주,광주,출발,5289842
2022,광주,세종,출발,45276
2022,광주,대전,출발,234760
2022,광주,울산,출발,855837
2022,광주,경기,출발,2401866
2022,광주,강원,출발,175552
2022,광주,충북,출발,425865
2022,광주,충남,출발,1205478
2022,광주,전북,출발,1186842
2022,광주,전남,출발,7176160
2022,광주,경북,출발,957121
2022,광주,경남,출발,1327084
2022,광주,제주,출발,0
2022,대전,서울,출발,114558
2022,대전,부산,출발,1324433
2022,대전,대구,출발,59504
2022,대전,인천,출발,183959
2022,대전,광주,출발,42701
2022,대전,세종,출발,33034
2022,대전,대전,출발,908460
2022,대전,울산,출발,91243
2022,대전,경기,출발,369642
2022,대전,강원,출발,37007
2022,대전,충북,출발,224541
2022,대전,충남,출발,276818
2022,대전,전북,출발,128437
2022,대전,전남,출발,124472
2022,대전,경북,출발,209138
2022,대전,경남,출발,168716
2022,대전,제주,출발,0
2022,울산,서울,출발,300096
2022,울산,부산,출발,14885329
2022,울산,대구,출발,532658
2022,울산,인천,출발,297523
2022,울산,광주,출발,116749
2022,울산,세종,출발,57409
2022,울산,대전,출발,176750
2022,울산,울산,출발,79194746
2022,울산,경기,출발,1236900
2022,울산,강원,출발,376239
2022,울산,충북,출발,475707
2022,울산,충남,출발,607616
2022,울산,전북,출발,444307
2022,울산,전남,출발,916085
2022,울산,경북,출발,2559282
2022,울산,경남,출발,3277622
2022,울산,제주,출발,0
2022,경기,서울,출발,22296749
2022,경기,부산,출발,24999459
2022,경기,대구,출발,4868177
2022,경기,인천,출발,25863817
2022,경기,광주,출발,3170844
2022,경기,세종,출발,2504365
2022,경기,대전,출발,5055054
2022,경기,울산,출발,11371019
2022,경기,경기,출발,156706291
2022,경기,강원,출발,11857914
2022,경기,충북,출발,19672799
2022,경기,충남,출발,47403458
2022,경기,전북,출발,9819334
2022,경기,전남,출발,13878408
2022,경기,경북,출발,20335676
2022,경기,경남,출발,13987787
2022,경기,제주,출발,0
2022,강원,서울,출발,2835387
2022,강원,부산,출발,3389851
2022,강원,대구,출발,1827897
2022,강원,인천,출발,2525137
2022,강원,광주,출발,1007585
2022,강원,세종,출발,735694
2022,강원,대전,출발,1281678
2022,강원,울산,출발,4357775
2022,강원,경기,출발,17095516
2022,강원,강원,출발,33756526
2022,강원,충북,출발,7217399
2022,강원,충남,출발,7198265
2022,강원,전북,출발,2813932
2022,강원,전남,출발,4483064
2022,강원,경북,출발,11863656
2022,강원,경남,출발,6038194
2022,강원,제주,출발,0
2022,충북,서울,출발,3630919
2022,충북,부산,출발,4188940
2022,충북,대구,출발,1513580
2022,충북,인천,출발,2779303
2022,충북,광주,출발,970574
2022,충북,세종,출발,1512082
2022,충북,대전,출발,2282543
2022,충북,울산,출발,8657075
2022,충북,경기,출발,15595914
2022,충북,강원,출발,3481123
2022,충북,충북,출발,15709952
2022,충북,충남,출발,12088404
2022,충북,전북,출발,2792510
2022,충북,전남,출발,6699494
2022,충북,경북,출발,8893259
2022,충북,경남,출발,5028025
2022,충북,제주,출발,0
2022,충남,서울,출발,3159264
2022,충남,부산,출발,5288338
2022,충남,대구,출발,1188920
2022,충남,인천,출발,3605722
2022,충남,광주,출발,1092655
2022,충남,세종,출발,1408695
2022,충남,대전,출발,2378267
2022,충남,울산,출발,3534520
2022,충남,경기,출발,22369864
2022,충남,강원,출발,2401967
2022,충남,충북,출발,7033420
2022,충남,충남,출발,68040310
2022,충남,전북,출발,4940441
2022,충남,전남,출발,4884743
2022,충남,경북,출발,6384397
2022,충남,경남,출발,4736410
2022,충남,제주,출발,0
2022,전북,서울,출발,1006442
2022,전북,부산,출발,2816966
2022,전북,대구,출발,884094
2022,전북,인천,출발,1336057
2022,전북,광주,출발,1433886
2022,전북,세종,출발,537337
2022,전북,대전,출발,1136717
2022,전북,울산,출발,2066692
2022,전북,경기,출발,6232033
2022,전북,강원,출발,1489968
2022,전북,충북,출발,3100777
2022,전북,충남,출발,7470409
2022,전북,전북,출발,27346546
2022,전북,전남,출발,7297543
2022,전북,경북,출발,4645779
2022,전북,경남,출발,3906233
2022,전북,제주,출발,0
2022,전남,서울,출발,1426117
2022,전남,부산,출발,2877640
2022,전남,대구,출발,984349
2022,전남,인천,출발,1256714
2022,전남,광주,출발,5788909
2022,전남,세종,출발,1376311
2022,전남,대전,출발,712396
2022,전남,울산,출발,3512427
2022,전남,경기,출발,7513329
2022,전남,강원,출발,1624970
2022,전남,충북,출발,3297404
2022,전남,충남,출발,4353278
2022,전남,전북,출발,5462477
2022,전남,전남,출발,107510031
2022,전남,경북,출발,4647002
2022,전남,경남,출발,6586428
2022,전남,제주,출발,0
2022,경북,서울,출발,1632980
2022,경북,부산,출발,16306918
2022,경북,대구,출발,3267629
2022,경북,인천,출발,1296590
2022,경북,광주,출발,693985
2022,경북,세종,출발,372629
2022,경북,대전,출발,812770
2022,경북,울산,출발,6758846
2022,경북,경기,출발,6664297
2022,경북,강원,출발,2143049
2022,경북,충북,출발,3955310
2022,경북,충남,출발,3894827
2022,경북,전북,출발,1965515
2022,경북,전남,출발,3389026
2022,경북,경북,출발,47169474
2022,경북,경남,출발,7022839
2022,경북,제주,출발,0
2022,경남,서울,출발,868854
2022,경남,부산,출발,24767149
2022,경남,대구,출발,1632787
2022,경남,인천,출발,861269
2022,경남,광주,출발,540327
2022,경남,세종,출발,190197
2022,경남,대전,출발,430383
2022,경남,울산,출발,6897234
2022,경남,경기,출발,3658709
2022,경남,강원,출발,1139054
2022,경남,충북,출발,1574478
2022,경남,충남,출발,1986208
2022,경남,전북,출발,1532595
2022,경남,전남,출발,3915074
2022,경남,경북,출발,4518145
2022,경남,경남,출발,55968802
2022,경남,제주,출발,0
2022,제주,서울,출발,0
2022,제주,부산,출발,0
2022,제주,대구,출발,0
2022,제주,인천,출발,0
2022,제주,광주,출발,0
2022,제주,세종,출발,0
2022,제주,대전,출발,0
2022,제주,울산,출발,0
2022,제주,경기,출발,0
2022,제주,강원,출발,0
2022,제주,충북,출발,0
2022,제주,충남,출발,0
2022,제주,전북,출발,0
2022,제주,전남,출발,0
2022,제주,경북,출발,0
2022,제주,경남,출발,0
2022,제주,제주,출발,7579159
2022,세종,서울,출발,177384
2022,세종,부산,출발,221241
2022,세종,대구,출발,125832
2022,세종,인천,출발,279338
2022,세종,광주,출발,91621
2022,세종,세종,출발,1079560
2022,세종,대전,출발,326576
2022,세종,울산,출발,305951
2022,세종,경기,출발,1537884
2022,세종,강원,출발,338744
2022,세종,충북,출발,1760662
2022,세종,충남,출발,2028171
2022,세종,전북,출발,406923
2022,세종,전남,출발,600181
2022,세종,경북,출발,864150
2022,세종,경남,출발,451189
2022,세종,제주,출발,0
2023,서울,서울,출발,41436341
2023,서울,부산,출발,5340316
2023,서울,대구,출발,3208269
2023,서울,인천,출발,6348164
2023,서울,광주,출발,2146381
2023,서울,세종,출발,520066
2023,서울,대전,출발,2579992
2023,서울,울산,출발,3971692
2023,서울,경기,출발,31883488
2023,서울,강원,출발,2616366
2023,서울,충북,출발,4177146
2023,서울,충남,출발,6139688
2023,서울,전북,출발,3263925
2023,서울,전남,출발,4093724
2023,서울,경북,출발,7392138
2023,서울,경남,출발,7106954
2023,서울,제주,출발,0
2023,부산,서울,출발,1403013
2023,부산,부산,출발,36777638
2023,부산,대구,출발,2259945
2023,부산,인천,출발,3023292
2023,부산,광주,출발,757230
2023,부산,세종,출발,361027
2023,부산,대전,출발,499720
2023,부산,울산,출발,8336953
2023,부산,경기,출발,18039377
2023,부산,강원,출발,650474
2023,부산,충북,출발,3731956
2023,부산,충남,출발,3343832
2023,부산,전북,출발,1502852
2023,부산,전남,출발,1708407
2023,부산,경북,출발,10023823
2023,부산,경남,출발,16854813
2023,부산,제주,출발,0
2023,대구,서울,출발,411876
2023,대구,부산,출발,3618151
2023,대구,대구,출발,5087212
2023,대구,인천,출발,415670
2023,대구,광주,출발,175003
2023,대구,세종,출발,56506
2023,대구,대전,출발,151065
2023,대구,울산,출발,924665
2023,대구,경기,출발,1211566
2023,대구,강원,출발,224052
2023,대구,충북,출발,464553
2023,대구,충남,출발,641802
2023,대구,전북,출발,335891
2023,대구,전남,출발,561560
2023,대구,경북,출발,3400165
2023,대구,경남,출발,1984939
2023,대구,제주,출발,0
2023,인천,서울,출발,4410513
2023,인천,부산,출발,3459331
2023,인천,대구,출발,641164
2023,인천,인천,출발,68309234
2023,인천,광주,출발,438118
2023,인천,세종,출발,358919
2023,인천,대전,출발,644155
2023,인천,울산,출발,1424594
2023,인천,경기,출발,36541807
2023,인천,강원,출발,2096589
2023,인천,충북,출발,3153245
2023,인천,충남,출발,5589034
2023,인천,전북,출발,1362747
2023,인천,전남,출발,2282849
2023,인천,경북,출발,3536504
2023,인천,경남,출발,2445121
2023,인천,제주,출발,0
2023,광주,서울,출발,587836
2023,광주,부산,출발,2605622
2023,광주,대구,출발,311586
2023,광주,인천,출발,602891
2023,광주,광주,출발,5103060
2023,광주,세종,출발,45702
2023,광주,대전,출발,222756
2023,광주,울산,출발,1020489
2023,광주,경기,출발,2333947
2023,광주,강원,출발,173692
2023,광주,충북,출발,432304
2023,광주,충남,출발,1188216
2023,광주,전북,출발,1175927
2023,광주,전남,출발,7286413
2023,광주,경북,출발,1039379
2023,광주,경남,출발,1437848
2023,광주,제주,출발,0
2023,대전,서울,출발,93404
2023,대전,부산,출발,1313504
2023,대전,대구,출발,50782
2023,대전,인천,출발,176803
2023,대전,광주,출발,36722
2023,대전,세종,출발,26410
2023,대전,대전,출발,744614
2023,대전,울산,출발,87049
2023,대전,경기,출발,326228
2023,대전,강원,출발,28579
2023,대전,충북,출발,180756
2023,대전,충남,출발,243034
2023,대전,전북,출발,104010
2023,대전,전남,출발,110047
2023,대전,경북,출발,192106
2023,대전,경남,출발,145714
2023,대전,제주,출발,0
2023,울산,서울,출발,251264
2023,울산,부산,출발,16606363
2023,울산,대구,출발,611053
2023,울산,인천,출발,273176
2023,울산,광주,출발,113093
2023,울산,세종,출발,63961
2023,울산,대전,출발,178063
2023,울산,울산,출발,81918092
2023,울산,경기,출발,1214497
2023,울산,강원,출발,413782
2023,울산,충북,출발,503769
2023,울산,충남,출발,596443
2023,울산,전북,출발,451206
2023,울산,전남,출발,943365
2023,울산,경북,출발,2525989
2023,울산,경남,출발,5152545
2023,울산,제주,출발,0
2023,경기,서울,출발,21795505
2023,경기,부산,출발,25343985
2023,경기,대구,출발,5394568
2023,경기,인천,출발,24724897
2023,경기,광주,출발,3365037
2023,경기,세종,출발,2293918
2023,경기,대전,출발,4882808
2023,경기,울산,출발,11430552
2023,경기,경기,출발,150760250
2023,경기,강원,출발,10656270
2023,경기,충북,출발,16543551
2023,경기,충남,출발,42763120
2023,경기,전북,출발,8930290
2023,경기,전남,출발,13230260
2023,경기,경북,출발,19534211
2023,경기,경남,출발,14109121
2023,경기,제주,출발,0
2023,강원,서울,출발,2451322
2023,강원,부산,출발,2718928
2023,강원,대구,출발,1553719
2023,강원,인천,출발,2153194
2023,강원,광주,출발,804951
2023,강원,세종,출발,668123
2023,강원,대전,출발,1015145
2023,강원,울산,출발,3843993
2023,강원,경기,출발,15821553
2023,강원,강원,출발,57780366
2023,강원,충북,출발,7132090
2023,강원,충남,출발,6452114
2023,강원,전북,출발,2540311
2023,강원,전남,출발,4125366
2023,강원,경북,출발,11799463
2023,강원,경남,출발,5032579
2023,강원,제주,출발,0
2023,충북,서울,출발,3560010
2023,충북,부산,출발,4240005
2023,충북,대구,출발,1709753
2023,충북,인천,출발,2902058
2023,충북,광주,출발,975359
2023,충북,세종,출발,1762710
2023,충북,대전,출발,2273988
2023,충북,울산,출발,8557925
2023,충북,경기,출발,17254013
2023,충북,강원,출발,4322469
2023,충북,충북,출발,18037464
2023,충북,충남,출발,12652583
2023,충북,전북,출발,3223266
2023,충북,전남,출발,7155720
2023,충북,경북,출발,9598432
2023,충북,경남,출발,5289728
2023,충북,제주,출발,0
2023,충남,서울,출발,3010835
2023,충남,부산,출발,5339874
2023,충남,대구,출발,1278865
2023,충남,인천,출발,3675271
2023,충남,광주,출발,1088758
2023,충남,세종,출발,1586566
2023,충남,대전,출발,5077334
2023,충남,울산,출발,3695877
2023,충남,경기,출발,23971591
2023,충남,강원,출발,2591652
2023,충남,충북,출발,7331232
2023,충남,충남,출발,77847056
2023,충남,전북,출발,5061767
2023,충남,전남,출발,5131628
2023,충남,경북,출발,6984239
2023,충남,경남,출발,4889254
2023,충남,제주,출발,0
2023,전북,서울,출발,928808
2023,전북,부산,출발,2727192
2023,전북,대구,출발,889312
2023,전북,인천,출발,1253153
2023,전북,광주,출발,1287463
2023,전북,세종,출발,485920
2023,전북,대전,출발,1028214
2023,전북,울산,출발,2025232
2023,전북,경기,출발,6003330
2023,전북,강원,출발,1347483
2023,전북,충북,출발,2815890
2023,전북,충남,출발,6856624
2023,전북,전북,출발,23113020
2023,전북,전남,출발,6928344
2023,전북,경북,출발,4258208
2023,전북,경남,출발,3639173
2023,전북,제주,출발,0
2023,전남,서울,출발,1332412
2023,전남,부산,출발,2779753
2023,전남,대구,출발,995191
2023,전남,인천,출발,1182032
2023,전남,광주,출발,5659756
2023,전남,세종,출발,1344540
2023,전남,대전,출발,642219
2023,전남,울산,출발,3221541
2023,전남,경기,출발,7306696
2023,전남,강원,출발,1450402
2023,전남,충북,출발,3103790
2023,전남,충남,출발,4005960
2023,전남,전북,출발,6385113
2023,전남,전남,출발,106940602
2023,전남,경북,출발,4213618
2023,전남,경남,출발,5881671
2023,전남,제주,출발,0
2023,경북,서울,출발,1601095
2023,경북,부산,출발,15725577
2023,경북,대구,출발,3314355
2023,경북,인천,출발,1318716
2023,경북,광주,출발,678526
2023,경북,세종,출발,386961
2023,경북,대전,출발,807340
2023,경북,울산,출발,7013263
2023,경북,경기,출발,6998413
2023,경북,강원,출발,2172459
2023,경북,충북,출발,3433692
2023,경북,충남,출발,3917201
2023,경북,전북,출발,2016525
2023,경북,전남,출발,3228506
2023,경북,경북,출발,46134599
2023,경북,경남,출발,7234817
2023,경북,제주,출발,0
2023,경남,서울,출발,861265
2023,경남,부산,출발,24498984
2023,경남,대구,출발,1721131
2023,경남,인천,출발,871768
2023,경남,광주,출발,523835
2023,경남,세종,출발,206201
2023,경남,대전,출발,431977
2023,경남,울산,출발,5874466
2023,경남,경기,출발,3686434
2023,경남,강원,출발,1240302
2023,경남,충북,출발,1608041
2023,경남,충남,출발,1989280
2023,경남,전북,출발,1617333
2023,경남,전남,출발,3857328
2023,경남,경북,출발,4489023
2023,경남,경남,출발,48494318
2023,경남,제주,출발,0
2023,제주,서울,출발,0
2023,제주,부산,출발,0
2023,제주,대구,출발,0
2023,제주,인천,출발,0
2023,제주,광주,출발,0
2023,제주,세종,출발,0
2023,제주,대전,출발,0
2023,제주,울산,출발,0
2023,제주,경기,출발,0
2023,제주,강원,출발,0
2023,제주,충북,출발,0
2023,제주,충남,출발,0
2023,제주,전북,출발,0
2023,제주,전남,출발,0
2023,제주,경북,출발,0
2023,제주,경남,출발,0
2023,제주,제주,출발,7591310
2023,세종,서울,출발,168452
2023,세종,부산,출발,245382
2023,세종,대구,출발,147088
2023,세종,인천,출발,287494
2023,세종,광주,출발,98720
2023,세종,세종,출발,1084338
2023,세종,대전,출발,328454
2023,세종,울산,출발,369209
2023,세종,경기,출발,1720415
2023,세종,강원,출발,330921
2023,세종,충북,출발,1760064
2023,세종,충남,출발,2148311
2023,세종,전북,출발,429333
2023,세종,전남,출발,639274
2023,세종,경북,출발,966021
2023,세종,경남,출발,531506
2023,세종,제주,출발,0
