"region_kr","region_en","flow_type","commodity","rank_num","year","cargo_vol","gap_period","gap_vol"
"대전시","Daejeon","반입","코크스, 연탄 및 석유정제품","1","2020","397036","기준연도",""
"대전시","Daejeon","반입","코크스, 연탄 및 석유정제품","1","2021","580454","2020 - 2021","183418"
"대전시","Daejeon","반입","코크스, 연탄 및 석유정제품","1","2022","757350","2021 - 2022","176896"
"대전시","Daejeon","반입","코크스, 연탄 및 석유정제품","1","2023","3405455","2022 - 2023","2648105"
"대전시","Daejeon","반입","비금속 광물제품","2","2020","3220885","기준연도",""
"대전시","Daejeon","반입","비금속 광물제품","2","2021","3225400","2020 - 2021","4515"
"대전시","Daejeon","반입","비금속 광물제품","2","2022","3631622","2021 - 2022","406222"
"대전시","Daejeon","반입","비금속 광물제품","2","2023","3195595","2022 - 2023","-436027"
"대전시","Daejeon","반입","비금속광물","3","2020","2751685","기준연도",""
"대전시","Daejeon","반입","비금속광물","3","2021","2864399","2020 - 2021","112714"
"대전시","Daejeon","반입","비금속광물","3","2022","2439960","2021 - 2022","-424439"
"대전시","Daejeon","반입","비금속광물","3","2023","2636932","2022 - 2023","196972"
"대전시","Daejeon","반입","펄프, 종이 및 종이제품","4","2020","1638351","기준연도",""
"대전시","Daejeon","반입","펄프, 종이 및 종이제품","4","2021","1663574","2020 - 2021","25223"
"대전시","Daejeon","반입","펄프, 종이 및 종이제품","4","2022","1811078","2021 - 2022","147504"
"대전시","Daejeon","반입","펄프, 종이 및 종이제품","4","2023","1661436","2022 - 2023","-149642"
"대전시","Daejeon","반출","비금속 광물제품","1","2020","1619643","기준연도",""
"대전시","Daejeon","반출","비금속 광물제품","1","2021","1459003","2020 - 2021","-160640"
"대전시","Daejeon","반출","비금속 광물제품","1","2022","220484","2021 - 2022","-1238519"
"대전시","Daejeon","반출","비금속 광물제품","1","2023","150620","2022 - 2023","-69864"
"대전시","Daejeon","반출","화합물 및 화학제품","2","2020","324566","기준연도",""
"대전시","Daejeon","반출","화합물 및 화학제품","2","2021","388541","2020 - 2021","63975"
"대전시","Daejeon","반출","화합물 및 화학제품","2","2022","50892","2021 - 2022","-337649"
"대전시","Daejeon","반출","화합물 및 화학제품","2","2023","59015","2022 - 2023","8123"
"대전시","Daejeon","반출","코크스, 연탄 및 석유정제품","3","2020","392620","기준연도",""
"대전시","Daejeon","반출","코크스, 연탄 및 석유정제품","3","2021","174354","2020 - 2021","-218266"
"대전시","Daejeon","반출","코크스, 연탄 및 석유정제품","3","2022","14385","2021 - 2022","-159969"
"대전시","Daejeon","반출","코크스, 연탄 및 석유정제품","3","2023","24304","2022 - 2023","9919"
"대전시","Daejeon","반출","펄프, 종이 및 종이제품","4","2020","160489","기준연도",""
"대전시","Daejeon","반출","펄프, 종이 및 종이제품","4","2021","171949","2020 - 2021","11460"
"대전시","Daejeon","반출","펄프, 종이 및 종이제품","4","2022","22282","2021 - 2022","-149667"
"대전시","Daejeon","반출","펄프, 종이 및 종이제품","4","2023","20903","2022 - 2023","-1379"
"수도권","Capital Area","반입","비금속광물","1","2020","48131319","기준연도",""
"수도권","Capital Area","반입","비금속광물","1","2021","36481136","2020 - 2021","-11650183"
"수도권","Capital Area","반입","비금속광물","1","2022","31907950","2021 - 2022","-4573186"
"수도권","Capital Area","반입","비금속광물","1","2023","31882575","2022 - 2023","-25375"
"수도권","Capital Area","반입","비금속 광물제품","2","2020","55796636","기준연도",""
"수도권","Capital Area","반입","비금속 광물제품","2","2021","55681351","2020 - 2021","-115285"
"수도권","Capital Area","반입","비금속 광물제품","2","2022","48326218","2021 - 2022","-7355133"
"수도권","Capital Area","반입","비금속 광물제품","2","2023","48896962","2022 - 2023","570744"
"수도권","Capital Area","반입","코크스, 연탄 및 석유정제품","3","2020","8267238","기준연도",""
"수도권","Capital Area","반입","코크스, 연탄 및 석유정제품","3","2021","8671445","2020 - 2021","404207"
"수도권","Capital Area","반입","코크스, 연탄 및 석유정제품","3","2022","11834684","2021 - 2022","3163239"
"수도권","Capital Area","반입","코크스, 연탄 및 석유정제품","3","2023","8232409","2022 - 2023","-3602275"
"수도권","Capital Area","반입","화합물 및 화학제품","4","2020","10053038","기준연도",""
"수도권","Capital Area","반입","화합물 및 화학제품","4","2021","9697031","2020 - 2021","-356007"
"수도권","Capital Area","반입","화합물 및 화학제품","4","2022","5772631","2021 - 2022","-3924400"
"수도권","Capital Area","반입","화합물 및 화학제품","4","2023","5974371","2022 - 2023","201740"
"수도권","Capital Area","반출","비금속광물","1","2020","32496155","기준연도",""
"수도권","Capital Area","반출","비금속광물","1","2021","50646197","2020 - 2021","18150042"
"수도권","Capital Area","반출","비금속광물","1","2022","56623143","2021 - 2022","5976946"
"수도권","Capital Area","반출","비금속광물","1","2023","45874175","2022 - 2023","-10748968"
"수도권","Capital Area","반출","비금속 광물제품","2","2020","68809321","기준연도",""
"수도권","Capital Area","반출","비금속 광물제품","2","2021","67190393","2020 - 2021","-1618928"
"수도권","Capital Area","반출","비금속 광물제품","2","2022","53670508","2021 - 2022","-13519885"
"수도권","Capital Area","반출","비금속 광물제품","2","2023","49758232","2022 - 2023","-3912276"
"수도권","Capital Area","반출","코크스, 연탄 및 석유정제품","3","2020","13946121","기준연도",""
"수도권","Capital Area","반출","코크스, 연탄 및 석유정제품","3","2021","15232182","2020 - 2021","1286061"
"수도권","Capital Area","반출","코크스, 연탄 및 석유정제품","3","2022","5201697","2021 - 2022","-10030485"
"수도권","Capital Area","반출","코크스, 연탄 및 석유정제품","3","2023","1821552","2022 - 2023","-3380145"
"수도권","Capital Area","반출","화합물 및 화학제품","4","2020","9224315","기준연도",""
"수도권","Capital Area","반출","화합물 및 화학제품","4","2021","9465573","2020 - 2021","241258"
"수도권","Capital Area","반출","화합물 및 화학제품","4","2022","22942819","2021 - 2022","13477246"
"수도권","Capital Area","반출","화합물 및 화학제품","4","2023","22405023","2022 - 2023","-537796"
"충청권(대전제외)","Chungcheong(excl. DJ)","반입","비금속 광물제품","1","2020","52400754","기준연도",""
"충청권(대전제외)","Chungcheong(excl. DJ)","반입","비금속 광물제품","1","2021","51628245","2020 - 2021","-772509"
"충청권(대전제외)","Chungcheong(excl. DJ)","반입","비금속 광물제품","1","2022","42975565","2021 - 2022","-8652680"
"충청권(대전제외)","Chungcheong(excl. DJ)","반입","비금속 광물제품","1","2023","38965433","2022 - 2023","-4010132"
"충청권(대전제외)","Chungcheong(excl. DJ)","반입","비금속광물","2","2020","30748922","기준연도",""
"충청권(대전제외)","Chungcheong(excl. DJ)","반입","비금속광물","2","2021","33210671","2020 - 2021","2461749"
"충청권(대전제외)","Chungcheong(excl. DJ)","반입","비금속광물","2","2022","34579561","2021 - 2022","1368890"
"충청권(대전제외)","Chungcheong(excl. DJ)","반입","비금속광물","2","2023","33295208","2022 - 2023","-1284353"
"충청권(대전제외)","Chungcheong(excl. DJ)","반입","제1차 금속 제품","3","2020","9685207","기준연도",""
"충청권(대전제외)","Chungcheong(excl. DJ)","반입","제1차 금속 제품","3","2021","10270390","2020 - 2021","585183"
"충청권(대전제외)","Chungcheong(excl. DJ)","반입","제1차 금속 제품","3","2022","9004687","2021 - 2022","-1265703"
"충청권(대전제외)","Chungcheong(excl. DJ)","반입","제1차 금속 제품","3","2023","6850795","2022 - 2023","-2153892"
"충청권(대전제외)","Chungcheong(excl. DJ)","반입","석회석광물","4","2020","3040518","기준연도",""
"충청권(대전제외)","Chungcheong(excl. DJ)","반입","석회석광물","4","2021","2731856","2020 - 2021","-308662"
"충청권(대전제외)","Chungcheong(excl. DJ)","반입","석회석광물","4","2022","3922387","2021 - 2022","1190531"
"충청권(대전제외)","Chungcheong(excl. DJ)","반입","석회석광물","4","2023","1479356","2022 - 2023","-2443031"
"충청권(대전제외)","Chungcheong(excl. DJ)","반출","코크스, 연탄 및 석유정제품","1","2020","2493348","기준연도",""
"충청권(대전제외)","Chungcheong(excl. DJ)","반출","코크스, 연탄 및 석유정제품","1","2021","4100424","2020 - 2021","1607076"
"충청권(대전제외)","Chungcheong(excl. DJ)","반출","코크스, 연탄 및 석유정제품","1","2022","23505762","2021 - 2022","19405338"
"충청권(대전제외)","Chungcheong(excl. DJ)","반출","코크스, 연탄 및 석유정제품","1","2023","25821492","2022 - 2023","2315730"
"충청권(대전제외)","Chungcheong(excl. DJ)","반출","비금속 광물제품","2","2020","30628878","기준연도",""
"충청권(대전제외)","Chungcheong(excl. DJ)","반출","비금속 광물제품","2","2021","29192174","2020 - 2021","-1436704"
"충청권(대전제외)","Chungcheong(excl. DJ)","반출","비금속 광물제품","2","2022","46098606","2021 - 2022","16906432"
"충청권(대전제외)","Chungcheong(excl. DJ)","반출","비금속 광물제품","2","2023","50177214","2022 - 2023","4078608"
"충청권(대전제외)","Chungcheong(excl. DJ)","반출","비금속광물","3","2020","38424764","기준연도",""
"충청권(대전제외)","Chungcheong(excl. DJ)","반출","비금속광물","3","2021","37621695","2020 - 2021","-803069"
"충청권(대전제외)","Chungcheong(excl. DJ)","반출","비금속광물","3","2022","25299087","2021 - 2022","-12322608"
"충청권(대전제외)","Chungcheong(excl. DJ)","반출","비금속광물","3","2023","34229647","2022 - 2023","8930560"
"충청권(대전제외)","Chungcheong(excl. DJ)","반출","화합물 및 화학제품","4","2020","12248774","기준연도",""
"충청권(대전제외)","Chungcheong(excl. DJ)","반출","화합물 및 화학제품","4","2021","11333669","2020 - 2021","-915105"
"충청권(대전제외)","Chungcheong(excl. DJ)","반출","화합물 및 화학제품","4","2022","5483276","2021 - 2022","-5850393"
"충청권(대전제외)","Chungcheong(excl. DJ)","반출","화합물 및 화학제품","4","2023","5470448","2022 - 2023","-12828"
