"year","hs_section","section_name","hs_chapter","sales"
"2020","01","동물 및 동물성 생산품","01","14"
"2020","01","동물 및 동물성 생산품","02","8"
"2020","01","동물 및 동물성 생산품","03","1056"
"2020","01","동물 및 동물성 생산품","04","125"
"2020","01","동물 및 동물성 생산품","05","2"
"2020","02","식물성 생산품","06","0"
"2020","02","식물성 생산품","07","25"
"2020","02","식물성 생산품","08","112"
"2020","02","식물성 생산품","09","50"
"2020","02","식물성 생산품","10","14"
"2020","02","식물성 생산품","11","259"
"2020","02","식물성 생산품","12","1625"
"2020","02","식물성 생산품","13","926"
"2020","02","식물성 생산품","14","0"
"2020","03","동식물성 유지류","15","92"
"2020","04","조제식품류","16","1393"
"2020","04","조제식품류","17","189"
"2020","04","조제식품류","18","128"
"2020","04","조제식품류","19","6536"
"2020","04","조제식품류","20","9693"
"2020","04","조제식품류","21","6295"
"2020","04","조제식품류","22","2950"
"2020","04","조제식품류","23","1202"
"2020","04","조제식품류","24","429773"
"2020","05","광물성 생산품","25","43"
"2020","05","광물성 생산품","26","0"
"2020","05","광물성 생산품","27","481"
"2020","06","화학공업 제품","28","12456"
"2020","06","화학공업 제품","29","84766"
"2020","06","화학공업 제품","30","23369"
"2020","06","화학공업 제품","31","1603"
"2020","06","화학공업 제품","32","7824"
"2020","06","화학공업 제품","33","72016"
"2020","06","화학공업 제품","34","31523"
"2020","06","화학공업 제품","35","30334"
"2020","06","화학공업 제품","36","0"
"2020","06","화학공업 제품","37","1733"
"2020","06","화학공업 제품","38","308019"
"2020","07","플라스틱 및 고무 제품","39","136993"
"2020","07","플라스틱 및 고무 제품","40","17856"
"2020","08","가죽 및 모피 제품","41","92"
"2020","08","가죽 및 모피 제품","42","418"
"2020","08","가죽 및 모피 제품","43","1"
"2020","09","목재 및 목재 제품","44","46"
"2020","09","목재 및 목재 제품","45","0"
"2020","09","목재 및 목재 제품","46","2"
"2020","10","펄프 및 종이 제품","47","1"
"2020","10","펄프 및 종이 제품","48","303215"
"2020","10","펄프 및 종이 제품","49","2164"
"2020","11","섬유 및 섬유 제품","50","378"
"2020","11","섬유 및 섬유 제품","51","394"
"2020","11","섬유 및 섬유 제품","52","2717"
"2020","11","섬유 및 섬유 제품","53","3"
"2020","11","섬유 및 섬유 제품","54","31459"
"2020","11","섬유 및 섬유 제품","55","1326"
"2020","11","섬유 및 섬유 제품","56","29838"
"2020","11","섬유 및 섬유 제품","57","155"
"2020","11","섬유 및 섬유 제품","58","25"
"2020","11","섬유 및 섬유 제품","59","877"
"2020","11","섬유 및 섬유 제품","60","127"
"2020","11","섬유 및 섬유 제품","61","805"
"2020","11","섬유 및 섬유 제품","62","600"
"2020","11","섬유 및 섬유 제품","63","3877"
"2020","12","신발, 모자, 우산 등","64","4527"
"2020","12","신발, 모자, 우산 등","65","110"
"2020","12","신발, 모자, 우산 등","66","5"
"2020","12","신발, 모자, 우산 등","67","5"
"2020","13","석재, 유리 및 도자기","68","10030"
"2020","13","석재, 유리 및 도자기","69","87"
"2020","13","석재, 유리 및 도자기","70","2773"
"2020","14","귀금속 및 보석류","71","73022"
"2020","15","비금속 및 그 제품","72","31524"
"2020","15","비금속 및 그 제품","73","44170"
"2020","15","비금속 및 그 제품","74","11160"
"2020","15","비금속 및 그 제품","75","196"
"2020","15","비금속 및 그 제품","76","19546"
"2020","15","비금속 및 그 제품","78","378"
"2020","15","비금속 및 그 제품","79","2"
"2020","15","비금속 및 그 제품","80","0"
"2020","15","비금속 및 그 제품","81","185"
"2020","15","비금속 및 그 제품","82","5600"
"2020","15","비금속 및 그 제품","83","2847"
"2020","16","기계 및 전기기기","84","971944"
"2020","16","기계 및 전기기기","85","1341118"
"2020","17","수송기기","86","1010"
"2020","17","수송기기","87","300747"
"2020","17","수송기기","88","146239"
"2020","17","수송기기","89","0"
"2020","18","광학, 정밀, 의료기기","90","309990"
"2020","18","광학, 정밀, 의료기기","91","17"
"2020","18","광학, 정밀, 의료기기","92","9"
"2020","19","무기 및 탄약","93","114076"
"2020","20","잡품(가구, 장난감 등)","94","2831"
"2020","20","잡품(가구, 장난감 등)","95","3808"
"2020","20","잡품(가구, 장난감 등)","96","50225"
"2020","21","특수품 및 기타","97","1"
"2020","21","특수품 및 기타","99","0"
"2021","01","동물 및 동물성 생산품","01","24"
"2021","01","동물 및 동물성 생산품","02","4"
"2021","01","동물 및 동물성 생산품","03","5729"
"2021","01","동물 및 동물성 생산품","04","156"
"2021","01","동물 및 동물성 생산품","05","0"
"2021","02","식물성 생산품","06","0"
"2021","02","식물성 생산품","07","13"
"2021","02","식물성 생산품","08","218"
"2021","02","식물성 생산품","09","65"
"2021","02","식물성 생산품","10","10"
"2021","02","식물성 생산품","11","129"
"2021","02","식물성 생산품","12","1341"
"2021","02","식물성 생산품","13","1169"
"2021","02","식물성 생산품","14","0"
"2021","03","동식물성 유지류","15","16"
"2021","04","조제식품류","16","1332"
"2021","04","조제식품류","17","225"
"2021","04","조제식품류","18","202"
"2021","04","조제식품류","19","4905"
"2021","04","조제식품류","20","11257"
"2021","04","조제식품류","21","6189"
"2021","04","조제식품류","22","2897"
"2021","04","조제식품류","23","1200"
"2021","04","조제식품류","24","362125"
"2021","05","광물성 생산품","25","36"
"2021","05","광물성 생산품","26","15"
"2021","05","광물성 생산품","27","271"
"2021","06","화학공업 제품","28","12635"
"2021","06","화학공업 제품","29","61478"
"2021","06","화학공업 제품","30","29883"
"2021","06","화학공업 제품","31","1750"
"2021","06","화학공업 제품","32","12221"
"2021","06","화학공업 제품","33","108429"
"2021","06","화학공업 제품","34","28677"
"2021","06","화학공업 제품","35","39607"
"2021","06","화학공업 제품","36","0"
"2021","06","화학공업 제품","37","1698"
"2021","06","화학공업 제품","38","288189"
"2021","07","플라스틱 및 고무 제품","39","161805"
"2021","07","플라스틱 및 고무 제품","40","22842"
"2021","08","가죽 및 모피 제품","41","344"
"2021","08","가죽 및 모피 제품","42","440"
"2021","08","가죽 및 모피 제품","43","0"
"2021","09","목재 및 목재 제품","44","84"
"2021","09","목재 및 목재 제품","45","0"
"2021","09","목재 및 목재 제품","46","0"
"2021","10","펄프 및 종이 제품","47","35"
"2021","10","펄프 및 종이 제품","48","321493"
"2021","10","펄프 및 종이 제품","49","5388"
"2021","11","섬유 및 섬유 제품","50","12"
"2021","11","섬유 및 섬유 제품","51","477"
"2021","11","섬유 및 섬유 제품","52","2296"
"2021","11","섬유 및 섬유 제품","53","0"
"2021","11","섬유 및 섬유 제품","54","33087"
"2021","11","섬유 및 섬유 제품","55","5079"
"2021","11","섬유 및 섬유 제품","56","44531"
"2021","11","섬유 및 섬유 제품","57","147"
"2021","11","섬유 및 섬유 제품","58","76"
"2021","11","섬유 및 섬유 제품","59","784"
"2021","11","섬유 및 섬유 제품","60","83"
"2021","11","섬유 및 섬유 제품","61","994"
"2021","11","섬유 및 섬유 제품","62","931"
"2021","11","섬유 및 섬유 제품","63","9444"
"2021","12","신발, 모자, 우산 등","64","4341"
"2021","12","신발, 모자, 우산 등","65","134"
"2021","12","신발, 모자, 우산 등","66","8"
"2021","12","신발, 모자, 우산 등","67","0"
"2021","13","석재, 유리 및 도자기","68","8672"
"2021","13","석재, 유리 및 도자기","69","25"
"2021","13","석재, 유리 및 도자기","70","763"
"2021","14","귀금속 및 보석류","71","12405"
"2021","15","비금속 및 그 제품","72","18565"
"2021","15","비금속 및 그 제품","73","45636"
"2021","15","비금속 및 그 제품","74","11361"
"2021","15","비금속 및 그 제품","75","488"
"2021","15","비금속 및 그 제품","76","22972"
"2021","15","비금속 및 그 제품","78","307"
"2021","15","비금속 및 그 제품","79","20"
"2021","15","비금속 및 그 제품","80","0"
"2021","15","비금속 및 그 제품","81","856"
"2021","15","비금속 및 그 제품","82","6098"
"2021","15","비금속 및 그 제품","83","3827"
"2021","16","기계 및 전기기기","84","973236"
"2021","16","기계 및 전기기기","85","1447418"
"2021","17","수송기기","86","607"
"2021","17","수송기기","87","290330"
"2021","17","수송기기","88","57616"
"2021","17","수송기기","89","0"
"2021","18","광학, 정밀, 의료기기","90","373030"
"2021","18","광학, 정밀, 의료기기","91","31"
"2021","18","광학, 정밀, 의료기기","92","2"
"2021","19","무기 및 탄약","93","2"
"2021","20","잡품(가구, 장난감 등)","94","5125"
"2021","20","잡품(가구, 장난감 등)","95","7258"
"2021","20","잡품(가구, 장난감 등)","96","67060"
"2021","21","특수품 및 기타","97","9"
"2021","21","특수품 및 기타","99","0"
"2022","01","동물 및 동물성 생산품","01","40"
"2022","01","동물 및 동물성 생산품","02","1"
"2022","01","동물 및 동물성 생산품","03","10249"
"2022","01","동물 및 동물성 생산품","04","32"
"2022","01","동물 및 동물성 생산품","05","0"
"2022","02","식물성 생산품","06","60"
"2022","02","식물성 생산품","07","47"
"2022","02","식물성 생산품","08","233"
"2022","02","식물성 생산품","09","6"
"2022","02","식물성 생산품","10","0"
"2022","02","식물성 생산품","11","184"
"2022","02","식물성 생산품","12","829"
"2022","02","식물성 생산품","13","772"
"2022","02","식물성 생산품","14","0"
"2022","03","동식물성 유지류","15","235"
"2022","04","조제식품류","16","1734"
"2022","04","조제식품류","17","336"
"2022","04","조제식품류","18","54"
"2022","04","조제식품류","19","5205"
"2022","04","조제식품류","20","17268"
"2022","04","조제식품류","21","6638"
"2022","04","조제식품류","22","5233"
"2022","04","조제식품류","23","953"
"2022","04","조제식품류","24","112510"
"2022","05","광물성 생산품","25","43"
"2022","05","광물성 생산품","26","0"
"2022","05","광물성 생산품","27","223"
"2022","06","화학공업 제품","28","12559"
"2022","06","화학공업 제품","29","41081"
"2022","06","화학공업 제품","30","29861"
"2022","06","화학공업 제품","31","1764"
"2022","06","화학공업 제품","32","11381"
"2022","06","화학공업 제품","33","86017"
"2022","06","화학공업 제품","34","29813"
"2022","06","화학공업 제품","35","46317"
"2022","06","화학공업 제품","36","0"
"2022","06","화학공업 제품","37","2212"
"2022","06","화학공업 제품","38","161947"
"2022","07","플라스틱 및 고무 제품","39","163836"
"2022","07","플라스틱 및 고무 제품","40","23438"
"2022","08","가죽 및 모피 제품","41","420"
"2022","08","가죽 및 모피 제품","42","378"
"2022","08","가죽 및 모피 제품","43","0"
"2022","09","목재 및 목재 제품","44","164"
"2022","09","목재 및 목재 제품","45","0"
"2022","09","목재 및 목재 제품","46","0"
"2022","10","펄프 및 종이 제품","47","0"
"2022","10","펄프 및 종이 제품","48","380101"
"2022","10","펄프 및 종이 제품","49","7931"
"2022","11","섬유 및 섬유 제품","50","6"
"2022","11","섬유 및 섬유 제품","51","268"
"2022","11","섬유 및 섬유 제품","52","2857"
"2022","11","섬유 및 섬유 제품","53","0"
"2022","11","섬유 및 섬유 제품","54","38166"
"2022","11","섬유 및 섬유 제품","55","4031"
"2022","11","섬유 및 섬유 제품","56","49763"
"2022","11","섬유 및 섬유 제품","57","214"
"2022","11","섬유 및 섬유 제품","58","93"
"2022","11","섬유 및 섬유 제품","59","555"
"2022","11","섬유 및 섬유 제품","60","84"
"2022","11","섬유 및 섬유 제품","61","518"
"2022","11","섬유 및 섬유 제품","62","5666"
"2022","11","섬유 및 섬유 제품","63","8569"
"2022","12","신발, 모자, 우산 등","64","3265"
"2022","12","신발, 모자, 우산 등","65","10"
"2022","12","신발, 모자, 우산 등","66","9"
"2022","12","신발, 모자, 우산 등","67","1"
"2022","13","석재, 유리 및 도자기","68","16026"
"2022","13","석재, 유리 및 도자기","69","226"
"2022","13","석재, 유리 및 도자기","70","410"
"2022","14","귀금속 및 보석류","71","5397"
"2022","15","비금속 및 그 제품","72","27801"
"2022","15","비금속 및 그 제품","73","46098"
"2022","15","비금속 및 그 제품","74","8202"
"2022","15","비금속 및 그 제품","75","521"
"2022","15","비금속 및 그 제품","76","32309"
"2022","15","비금속 및 그 제품","78","385"
"2022","15","비금속 및 그 제품","79","56"
"2022","15","비금속 및 그 제품","80","0"
"2022","15","비금속 및 그 제품","81","795"
"2022","15","비금속 및 그 제품","82","7688"
"2022","15","비금속 및 그 제품","83","4259"
"2022","16","기계 및 전기기기","84","872255"
"2022","16","기계 및 전기기기","85","1447495"
"2022","17","수송기기","86","550"
"2022","17","수송기기","87","335140"
"2022","17","수송기기","88","153092"
"2022","17","수송기기","89","2"
"2022","18","광학, 정밀, 의료기기","90","402913"
"2022","18","광학, 정밀, 의료기기","91","9"
"2022","18","광학, 정밀, 의료기기","92","0"
"2022","19","무기 및 탄약","93","1300"
"2022","20","잡품(가구, 장난감 등)","94","3932"
"2022","20","잡품(가구, 장난감 등)","95","9591"
"2022","20","잡품(가구, 장난감 등)","96","30267"
"2022","21","특수품 및 기타","97","754"
"2022","21","특수품 및 기타","99","0"
"2023","01","동물 및 동물성 생산품","01","57"
"2023","01","동물 및 동물성 생산품","02","0"
"2023","01","동물 및 동물성 생산품","03","6683"
"2023","01","동물 및 동물성 생산품","04","15"
"2023","01","동물 및 동물성 생산품","05","0"
"2023","02","식물성 생산품","06","15"
"2023","02","식물성 생산품","07","183"
"2023","02","식물성 생산품","08","55"
"2023","02","식물성 생산품","09","4"
"2023","02","식물성 생산품","10","0"
"2023","02","식물성 생산품","11","81"
"2023","02","식물성 생산품","12","1081"
"2023","02","식물성 생산품","13","926"
"2023","02","식물성 생산품","14","0"
"2023","03","동식물성 유지류","15","17"
"2023","04","조제식품류","16","668"
"2023","04","조제식품류","17","50"
"2023","04","조제식품류","18","6"
"2023","04","조제식품류","19","2857"
"2023","04","조제식품류","20","27171"
"2023","04","조제식품류","21","5211"
"2023","04","조제식품류","22","3654"
"2023","04","조제식품류","23","1205"
"2023","04","조제식품류","24","63215"
"2023","05","광물성 생산품","25","138"
"2023","05","광물성 생산품","26","0"
"2023","05","광물성 생산품","27","252"
"2023","06","화학공업 제품","28","11684"
"2023","06","화학공업 제품","29","15065"
"2023","06","화학공업 제품","30","30284"
"2023","06","화학공업 제품","31","1666"
"2023","06","화학공업 제품","32","9199"
"2023","06","화학공업 제품","33","77789"
"2023","06","화학공업 제품","34","16257"
"2023","06","화학공업 제품","35","42636"
"2023","06","화학공업 제품","36","0"
"2023","06","화학공업 제품","37","1386"
"2023","06","화학공업 제품","38","136623"
"2023","07","플라스틱 및 고무 제품","39","134895"
"2023","07","플라스틱 및 고무 제품","40","24689"
"2023","08","가죽 및 모피 제품","41","187"
"2023","08","가죽 및 모피 제품","42","322"
"2023","08","가죽 및 모피 제품","43","0"
"2023","09","목재 및 목재 제품","44","614"
"2023","09","목재 및 목재 제품","45","0"
"2023","09","목재 및 목재 제품","46","0"
"2023","10","펄프 및 종이 제품","47","0"
"2023","10","펄프 및 종이 제품","48","302916"
"2023","10","펄프 및 종이 제품","49","591"
"2023","11","섬유 및 섬유 제품","50","455"
"2023","11","섬유 및 섬유 제품","51","505"
"2023","11","섬유 및 섬유 제품","52","3097"
"2023","11","섬유 및 섬유 제품","53","0"
"2023","11","섬유 및 섬유 제품","54","38190"
"2023","11","섬유 및 섬유 제품","55","1999"
"2023","11","섬유 및 섬유 제품","56","50574"
"2023","11","섬유 및 섬유 제품","57","261"
"2023","11","섬유 및 섬유 제품","58","76"
"2023","11","섬유 및 섬유 제품","59","838"
"2023","11","섬유 및 섬유 제품","60","23"
"2023","11","섬유 및 섬유 제품","61","775"
"2023","11","섬유 및 섬유 제품","62","1182"
"2023","11","섬유 및 섬유 제품","63","4151"
"2023","12","신발, 모자, 우산 등","64","2618"
"2023","12","신발, 모자, 우산 등","65","61"
"2023","12","신발, 모자, 우산 등","66","4"
"2023","12","신발, 모자, 우산 등","67","0"
"2023","13","석재, 유리 및 도자기","68","11913"
"2023","13","석재, 유리 및 도자기","69","125"
"2023","13","석재, 유리 및 도자기","70","260"
"2023","14","귀금속 및 보석류","71","2692"
"2023","15","비금속 및 그 제품","72","20428"
"2023","15","비금속 및 그 제품","73","72252"
"2023","15","비금속 및 그 제품","74","2095"
"2023","15","비금속 및 그 제품","75","510"
"2023","15","비금속 및 그 제품","76","12202"
"2023","15","비금속 및 그 제품","78","446"
"2023","15","비금속 및 그 제품","79","11"
"2023","15","비금속 및 그 제품","80","2"
"2023","15","비금속 및 그 제품","81","3768"
"2023","15","비금속 및 그 제품","82","7844"
"2023","15","비금속 및 그 제품","83","2821"
"2023","16","기계 및 전기기기","84","1083974"
"2023","16","기계 및 전기기기","85","1149973"
"2023","17","수송기기","86","1080"
"2023","17","수송기기","87","368236"
"2023","17","수송기기","88","128739"
"2023","17","수송기기","89","0"
"2023","18","광학, 정밀, 의료기기","90","337333"
"2023","18","광학, 정밀, 의료기기","91","22"
"2023","18","광학, 정밀, 의료기기","92","0"
"2023","19","무기 및 탄약","93","297"
"2023","20","잡품(가구, 장난감 등)","94","2347"
"2023","20","잡품(가구, 장난감 등)","95","13192"
"2023","20","잡품(가구, 장난감 등)","96","30332"
"2023","21","특수품 및 기타","97","287"
"2023","21","특수품 및 기타","99","0"
"2024","01","동물 및 동물성 생산품","01","4"
"2024","01","동물 및 동물성 생산품","02","0"
"2024","01","동물 및 동물성 생산품","03","15156"
"2024","01","동물 및 동물성 생산품","04","17"
"2024","01","동물 및 동물성 생산품","05","78"
"2024","02","식물성 생산품","06","7"
"2024","02","식물성 생산품","07","234"
"2024","02","식물성 생산품","08","59"
"2024","02","식물성 생산품","09","1"
"2024","02","식물성 생산품","10","1"
"2024","02","식물성 생산품","11","28"
"2024","02","식물성 생산품","12","3919"
"2024","02","식물성 생산품","13","1109"
"2024","02","식물성 생산품","14","0"
"2024","03","동식물성 유지류","15","5"
"2024","04","조제식품류","16","256"
"2024","04","조제식품류","17","142"
"2024","04","조제식품류","18","480"
"2024","04","조제식품류","19","4038"
"2024","04","조제식품류","20","26974"
"2024","04","조제식품류","21","8712"
"2024","04","조제식품류","22","2520"
"2024","04","조제식품류","23","1203"
"2024","04","조제식품류","24","231679"
"2024","05","광물성 생산품","25","228"
"2024","05","광물성 생산품","26","0"
"2024","05","광물성 생산품","27","298"
"2024","06","화학공업 제품","28","14414"
"2024","06","화학공업 제품","29","12272"
"2024","06","화학공업 제품","30","29102"
"2024","06","화학공업 제품","31","1386"
"2024","06","화학공업 제품","32","16679"
"2024","06","화학공업 제품","33","109497"
"2024","06","화학공업 제품","34","11308"
"2024","06","화학공업 제품","35","39812"
"2024","06","화학공업 제품","36","0"
"2024","06","화학공업 제품","37","1019"
"2024","06","화학공업 제품","38","163113"
"2024","07","플라스틱 및 고무 제품","39","141082"
"2024","07","플라스틱 및 고무 제품","40","22748"
"2024","08","가죽 및 모피 제품","41","296"
"2024","08","가죽 및 모피 제품","42","304"
"2024","08","가죽 및 모피 제품","43","0"
"2024","09","목재 및 목재 제품","44","440"
"2024","09","목재 및 목재 제품","45","0"
"2024","09","목재 및 목재 제품","46","0"
"2024","10","펄프 및 종이 제품","47","2"
"2024","10","펄프 및 종이 제품","48","347708"
"2024","10","펄프 및 종이 제품","49","19930"
"2024","11","섬유 및 섬유 제품","50","111"
"2024","11","섬유 및 섬유 제품","51","94"
"2024","11","섬유 및 섬유 제품","52","6175"
"2024","11","섬유 및 섬유 제품","53","0"
"2024","11","섬유 및 섬유 제품","54","41843"
"2024","11","섬유 및 섬유 제품","55","335"
"2024","11","섬유 및 섬유 제품","56","76190"
"2024","11","섬유 및 섬유 제품","57","290"
"2024","11","섬유 및 섬유 제품","58","0"
"2024","11","섬유 및 섬유 제품","59","1562"
"2024","11","섬유 및 섬유 제품","60","19"
"2024","11","섬유 및 섬유 제품","61","1242"
"2024","11","섬유 및 섬유 제품","62","1410"
"2024","11","섬유 및 섬유 제품","63","3202"
"2024","12","신발, 모자, 우산 등","64","3372"
"2024","12","신발, 모자, 우산 등","65","216"
"2024","12","신발, 모자, 우산 등","66","13"
"2024","12","신발, 모자, 우산 등","67","0"
"2024","13","석재, 유리 및 도자기","68","7384"
"2024","13","석재, 유리 및 도자기","69","767"
"2024","13","석재, 유리 및 도자기","70","465"
"2024","14","귀금속 및 보석류","71","1106"
"2024","15","비금속 및 그 제품","72","11303"
"2024","15","비금속 및 그 제품","73","82698"
"2024","15","비금속 및 그 제품","74","584"
"2024","15","비금속 및 그 제품","75","943"
"2024","15","비금속 및 그 제품","76","11587"
"2024","15","비금속 및 그 제품","78","335"
"2024","15","비금속 및 그 제품","79","12"
"2024","15","비금속 및 그 제품","80","2"
"2024","15","비금속 및 그 제품","81","9134"
"2024","15","비금속 및 그 제품","82","5588"
"2024","15","비금속 및 그 제품","83","2498"
"2024","16","기계 및 전기기기","84","1038948"
"2024","16","기계 및 전기기기","85","1107019"
"2024","17","수송기기","86","673"
"2024","17","수송기기","87","376143"
"2024","17","수송기기","88","166073"
"2024","17","수송기기","89","0"
"2024","18","광학, 정밀, 의료기기","90","363423"
"2024","18","광학, 정밀, 의료기기","91","16"
"2024","18","광학, 정밀, 의료기기","92","2"
"2024","19","무기 및 탄약","93","4"
"2024","20","잡품(가구, 장난감 등)","94","2782"
"2024","20","잡품(가구, 장난감 등)","95","10026"
"2024","20","잡품(가구, 장난감 등)","96","26887"
"2024","21","특수품 및 기타","97","1753"
"2024","21","특수품 및 기타","99","0"
"2025","01","동물 및 동물성 생산품","01","7"
"2025","01","동물 및 동물성 생산품","02","0"
"2025","01","동물 및 동물성 생산품","03","10138"
"2025","01","동물 및 동물성 생산품","04","20"
"2025","01","동물 및 동물성 생산품","05","0"
"2025","02","식물성 생산품","06","0"
"2025","02","식물성 생산품","07","68"
"2025","02","식물성 생산품","08","482"
"2025","02","식물성 생산품","09","1"
"2025","02","식물성 생산품","10","2"
"2025","02","식물성 생산품","11","185"
"2025","02","식물성 생산품","12","3959"
"2025","02","식물성 생산품","13","3392"
"2025","02","식물성 생산품","14","0"
"2025","03","동식물성 유지류","15","11"
"2025","04","조제식품류","16","196"
"2025","04","조제식품류","17","274"
"2025","04","조제식품류","18","13"
"2025","04","조제식품류","19","4889"
"2025","04","조제식품류","20","33573"
"2025","04","조제식품류","21","12772"
"2025","04","조제식품류","22","2974"
"2025","04","조제식품류","23","1301"
"2025","04","조제식품류","24","382218"
"2025","05","광물성 생산품","25","110"
"2025","05","광물성 생산품","26","0"
"2025","05","광물성 생산품","27","528"
"2025","06","화학공업 제품","28","13921"
"2025","06","화학공업 제품","29","10385"
"2025","06","화학공업 제품","30","35599"
"2025","06","화학공업 제품","31","2559"
"2025","06","화학공업 제품","32","27181"
"2025","06","화학공업 제품","33","186354"
"2025","06","화학공업 제품","34","27566"
"2025","06","화학공업 제품","35","44689"
"2025","06","화학공업 제품","36","0"
"2025","06","화학공업 제품","37","1237"
"2025","06","화학공업 제품","38","195347"
"2025","07","플라스틱 및 고무 제품","39","128638"
"2025","07","플라스틱 및 고무 제품","40","24653"
"2025","08","가죽 및 모피 제품","41","148"
"2025","08","가죽 및 모피 제품","42","170"
"2025","08","가죽 및 모피 제품","43","8"
"2025","09","목재 및 목재 제품","44","242"
"2025","09","목재 및 목재 제품","45","0"
"2025","09","목재 및 목재 제품","46","0"
"2025","10","펄프 및 종이 제품","47","0"
"2025","10","펄프 및 종이 제품","48","324654"
"2025","10","펄프 및 종이 제품","49","150"
"2025","11","섬유 및 섬유 제품","50","4"
"2025","11","섬유 및 섬유 제품","51","0"
"2025","11","섬유 및 섬유 제품","52","2502"
"2025","11","섬유 및 섬유 제품","53","0"
"2025","11","섬유 및 섬유 제품","54","44390"
"2025","11","섬유 및 섬유 제품","55","1140"
"2025","11","섬유 및 섬유 제품","56","51094"
"2025","11","섬유 및 섬유 제품","57","384"
"2025","11","섬유 및 섬유 제품","58","1"
"2025","11","섬유 및 섬유 제품","59","1976"
"2025","11","섬유 및 섬유 제품","60","15"
"2025","11","섬유 및 섬유 제품","61","347"
"2025","11","섬유 및 섬유 제품","62","600"
"2025","11","섬유 및 섬유 제품","63","3328"
"2025","12","신발, 모자, 우산 등","64","3340"
"2025","12","신발, 모자, 우산 등","65","25"
"2025","12","신발, 모자, 우산 등","66","0"
"2025","12","신발, 모자, 우산 등","67","1"
"2025","13","석재, 유리 및 도자기","68","3759"
"2025","13","석재, 유리 및 도자기","69","1013"
"2025","13","석재, 유리 및 도자기","70","449"
"2025","14","귀금속 및 보석류","71","685"
"2025","15","비금속 및 그 제품","72","9162"
"2025","15","비금속 및 그 제품","73","49352"
"2025","15","비금속 및 그 제품","74","869"
"2025","15","비금속 및 그 제품","75","541"
"2025","15","비금속 및 그 제품","76","10303"
"2025","15","비금속 및 그 제품","78","3287"
"2025","15","비금속 및 그 제품","79","3"
"2025","15","비금속 및 그 제품","80","3304"
"2025","15","비금속 및 그 제품","81","10660"
"2025","15","비금속 및 그 제품","82","5382"
"2025","15","비금속 및 그 제품","83","2308"
"2025","16","기계 및 전기기기","84","1212518"
"2025","16","기계 및 전기기기","85","959749"
"2025","17","수송기기","86","1220"
"2025","17","수송기기","87","419791"
"2025","17","수송기기","88","313600"
"2025","17","수송기기","89","117"
"2025","18","광학, 정밀, 의료기기","90","373764"
"2025","18","광학, 정밀, 의료기기","91","17"
"2025","18","광학, 정밀, 의료기기","92","4"
"2025","19","무기 및 탄약","93","20"
"2025","20","잡품(가구, 장난감 등)","94","4113"
"2025","20","잡품(가구, 장난감 등)","95","5393"
"2025","20","잡품(가구, 장난감 등)","96","23418"
"2025","21","특수품 및 기타","97","68"
"2025","21","특수품 및 기타","99","0"
"2026","01","동물 및 동물성 생산품","01","2"
"2026","01","동물 및 동물성 생산품","02","0"
"2026","01","동물 및 동물성 생산품","03","5555"
"2026","01","동물 및 동물성 생산품","04","25"
"2026","01","동물 및 동물성 생산품","05","0"
"2026","02","식물성 생산품","06","0"
"2026","02","식물성 생산품","07","0"
"2026","02","식물성 생산품","08","249"
"2026","02","식물성 생산품","09","1"
"2026","02","식물성 생산품","10","0"
"2026","02","식물성 생산품","11","454"
"2026","02","식물성 생산품","12","638"
"2026","02","식물성 생산품","13","458"
"2026","02","식물성 생산품","14","0"
"2026","03","동식물성 유지류","15","3"
"2026","04","조제식품류","16","218"
"2026","04","조제식품류","17","134"
"2026","04","조제식품류","18","0"
"2026","04","조제식품류","19","2891"
"2026","04","조제식품류","20","18395"
"2026","04","조제식품류","21","4885"
"2026","04","조제식품류","22","1253"
"2026","04","조제식품류","23","832"
"2026","04","조제식품류","24","221880"
"2026","05","광물성 생산품","25","74"
"2026","05","광물성 생산품","26","0"
"2026","05","광물성 생산품","27","224"
"2026","06","화학공업 제품","28","13168"
"2026","06","화학공업 제품","29","3798"
"2026","06","화학공업 제품","30","17007"
"2026","06","화학공업 제품","31","600"
"2026","06","화학공업 제품","32","10663"
"2026","06","화학공업 제품","33","96085"
"2026","06","화학공업 제품","34","7971"
"2026","06","화학공업 제품","35","23328"
"2026","06","화학공업 제품","36","340"
"2026","06","화학공업 제품","37","467"
"2026","06","화학공업 제품","38","75054"
"2026","07","플라스틱 및 고무 제품","39","70491"
"2026","07","플라스틱 및 고무 제품","40","12991"
"2026","08","가죽 및 모피 제품","41","3"
"2026","08","가죽 및 모피 제품","42","134"
"2026","08","가죽 및 모피 제품","43","0"
"2026","09","목재 및 목재 제품","44","41"
"2026","09","목재 및 목재 제품","45","0"
"2026","09","목재 및 목재 제품","46","0"
"2026","10","펄프 및 종이 제품","47","0"
"2026","10","펄프 및 종이 제품","48","177993"
"2026","10","펄프 및 종이 제품","49","709"
"2026","11","섬유 및 섬유 제품","50","0"
"2026","11","섬유 및 섬유 제품","51","0"
"2026","11","섬유 및 섬유 제품","52","45"
"2026","11","섬유 및 섬유 제품","53","0"
"2026","11","섬유 및 섬유 제품","54","18688"
"2026","11","섬유 및 섬유 제품","55","309"
"2026","11","섬유 및 섬유 제품","56","14081"
"2026","11","섬유 및 섬유 제품","57","154"
"2026","11","섬유 및 섬유 제품","58","1"
"2026","11","섬유 및 섬유 제품","59","1705"
"2026","11","섬유 및 섬유 제품","60","3"
"2026","11","섬유 및 섬유 제품","61","260"
"2026","11","섬유 및 섬유 제품","62","422"
"2026","11","섬유 및 섬유 제품","63","1337"
"2026","12","신발, 모자, 우산 등","64","2839"
"2026","12","신발, 모자, 우산 등","65","56"
"2026","12","신발, 모자, 우산 등","66","1"
"2026","12","신발, 모자, 우산 등","67","0"
"2026","13","석재, 유리 및 도자기","68","2851"
"2026","13","석재, 유리 및 도자기","69","868"
"2026","13","석재, 유리 및 도자기","70","439"
"2026","14","귀금속 및 보석류","71","169"
"2026","15","비금속 및 그 제품","72","3890"
"2026","15","비금속 및 그 제품","73","21391"
"2026","15","비금속 및 그 제품","74","941"
"2026","15","비금속 및 그 제품","75","185"
"2026","15","비금속 및 그 제품","76","3744"
"2026","15","비금속 및 그 제품","78","278"
"2026","15","비금속 및 그 제품","79","12"
"2026","15","비금속 및 그 제품","80","2"
"2026","15","비금속 및 그 제품","81","2315"
"2026","15","비금속 및 그 제품","82","2236"
"2026","15","비금속 및 그 제품","83","1371"
"2026","16","기계 및 전기기기","84","542918"
"2026","16","기계 및 전기기기","85","476246"
"2026","17","수송기기","86","297"
"2026","17","수송기기","87","207298"
"2026","17","수송기기","88","1391"
"2026","17","수송기기","89","23"
"2026","18","광학, 정밀, 의료기기","90","199277"
"2026","18","광학, 정밀, 의료기기","91","7"
"2026","18","광학, 정밀, 의료기기","92","0"
"2026","19","무기 및 탄약","93","263296"
"2026","20","잡품(가구, 장난감 등)","94","3415"
"2026","20","잡품(가구, 장난감 등)","95","2085"
"2026","20","잡품(가구, 장난감 등)","96","12207"
"2026","21","특수품 및 기타","97","47"
